product_code,source_asset_url,source_path,output_glb_path,conversion_status,validation_status,vertex_count,face_count,native_bounds,normalized_bounds_m,scale_factor,rotation_applied,grounding_applied,center_offset,file_size,error
10385IN-CP,https://techcomm.kohler.com/techcomm/cad/10385IN.obj,data/3d_catalogue/source/10385IN-CP/10385IN.obj,data/3d_catalogue/normalized_glb/10385IN-CP.glb,success,valid,7950,15302,2.751400 x 6.277000 x 1.771600,0.069886 x 0.044999 x 0.159436,0.0254,X=-90;Y=0;Z=0 degrees,true,-0.000000 x -0.000000 x 0.000000,279888,
11160T-1-0,https://techcomm.kohler.com/techcomm/cad/11160T-1.obj,data/3d_catalogue/source/11160T-1-0/11160T-1.obj,data/3d_catalogue/normalized_glb/11160T-1-0.glb,success,valid,7234,14400,22.094800 x 17.711300 x 8.241700,0.561208 x 0.209339 x 0.449867,0.0254,X=-90;Y=0;Z=0 degrees,true,-0.000000 x -0.104662 x 0.000000,260512,
11195T-0,https://techcomm.kohler.com/techcomm/cad/11195T.obj,data/3d_catalogue/source/11195T-0/11195T.obj,data/3d_catalogue/normalized_glb/11195T-0.glb,success,valid,27790,55003,68.768600 x 31.366700 x 26.098500,1.746722 x 0.662902 x 0.796714,0.0254,X=-90;Y=0;Z=0 degrees,true,0.000003 x -0.330112 x 0.000000,994436,
11479IN-VC1-0,https://techcomm.kohler.com/techcomm/cad/11479IN-VC1.obj,data/3d_catalogue/source/11479IN-VC1-0/11479IN-VC1.obj,data/3d_catalogue/normalized_glb/11479IN-VC1-0.glb,success,valid,6033,12010,22.981000 x 18.261300 x 7.627200,0.583717 x 0.193731 x 0.463837,0.0254,X=-90;Y=0;Z=0 degrees,true,-0.000000 x 0.064800 x 0.000000,217412,
1188IN-C1-0,https://techcomm.kohler.com/techcomm/cad/1188IN-C1.obj,data/3d_catalogue/source/1188IN-C1-0/1188IN-C1.obj,data/3d_catalogue/normalized_glb/1188IN-C1-0.glb,success,valid,22509,44148,75.000000 x 41.000000 x 25.008700,1.905000 x 0.635221 x 1.041400,0.0254,X=-90;Y=0;Z=0 degrees,true,-0.000000 x 0.241365 x 0.000000,800744,
12861IN-ZZ-CP,,,,non_obj_assets,non_obj_assets,,,,,0.0254,,false,,,"Product has linked assets, but none are OBJ files."
13491T-4-RGD,https://techcomm.kohler.com/techcomm/cad/13491T-4.obj,data/3d_catalogue/source/13491T-4-RGD/13491T-4.obj,data/3d_catalogue/normalized_glb/13491T-4-RGD.glb,success,valid,20081,39438,13.587700 x 6.139900 x 5.992200,0.345128 x 0.152202 x 0.155953,0.0254,X=-90;Y=0;Z=0 degrees,true,-0.000011 x -0.076101 x 0.000000,715136,
1360IN-H2-0,https://techcomm.kohler.com/techcomm/cad/1360IN-H2.obj,data/3d_catalogue/source/1360IN-H2-0/1360IN-H2.obj,data/3d_catalogue/normalized_glb/1360IN-H2-0.glb,success,valid,32784,63611,74.999800 x 45.000000 x 27.974300,1.904995 x 0.710547 x 1.143000,0.0254,X=-90;Y=0;Z=0 degrees,true,-0.000000 x 0.237159 x 0.000000,1157616,
13693-CP,https://techcomm.kohler.com/techcomm/cad/13693.obj,data/3d_catalogue/source/13693-CP/13693.obj,data/3d_catalogue/normalized_glb/13693-CP.glb,success,valid,15028,27290,10.425600 x 10.425600 x 3.703900,0.264810 x 0.094079 x 0.264810,0.0254,X=-90;Y=0;Z=0 degrees,true,-0.000000 x 0.047040 x 0.000000,508688,
1381T-S-0,https://techcomm.kohler.com/techcomm/cad/1381T-S.obj,data/3d_catalogue/source/1381T-S-0/1381T-S.obj,data/3d_catalogue/normalized_glb/1381T-S-0.glb,success,valid,14231,27643,15.442600 x 28.260600 x 26.854700,0.392242 x 0.682109 x 0.717819,0.0254,X=-90;Y=0;Z=0 degrees,true,0.003269 x -0.341055 x 0.000000,503396,
1394IN-H2-0,https://techcomm.kohler.com/techcomm/cad/1394IN-H2.obj,data/3d_catalogue/source/1394IN-H2-0/1394IN-H2.obj,data/3d_catalogue/normalized_glb/1394IN-H2-0.glb,success,valid,30436,59100,66.060300 x 66.235800 x 28.028500,1.677932 x 0.711924 x 1.682389,0.0254,X=-90;Y=0;Z=0 degrees,true,-0.000004 x 0.258609 x 0.000000,1075356,
14008T-PD-0,https://techcomm.kohler.com/techcomm/cad/14008T-PD.obj,data/3d_catalogue/source/14008T-PD-0/14008T-PD.obj,data/3d_catalogue/normalized_glb/14008T-PD-0.glb,success,valid,10380,20756,21.100200 x 17.232200 x 7.379800,0.535945 x 0.187447 x 0.437698,0.0254,X=-90;Y=0;Z=0 degrees,true,-0.000000 x 0.082545 x 0.000000,374536,
14008T-PK-0,https://techcomm.kohler.com/techcomm/cad/14008T-PK.obj,data/3d_catalogue/source/14008T-PK-0/14008T-PK.obj,data/3d_catalogue/normalized_glb/14008T-PK-0.glb,success,valid,10380,20756,21.100200 x 17.232200 x 7.379800,0.535945 x 0.187447 x 0.437698,0.0254,X=-90;Y=0;Z=0 degrees,true,-0.000000 x 0.082545 x 0.000000,374536,
14008T-RGD-0,https://techcomm.kohler.com/techcomm/cad/14008T-RGD.obj,data/3d_catalogue/source/14008T-RGD-0/14008T-RGD.obj,data/3d_catalogue/normalized_glb/14008T-RGD-0.glb,success,valid,10380,20756,21.100200 x 17.232200 x 7.379800,0.535945 x 0.187447 x 0.437698,0.0254,X=-90;Y=0;Z=0 degrees,true,-0.000000 x 0.082545 x 0.000000,374536,
14031-BU-96,https://techcomm.kohler.com/techcomm/cad/14031-BU.obj,data/3d_catalogue/source/14031-BU-96/14031-BU.obj,data/3d_catalogue/normalized_glb/14031-BU-96.glb,success,valid,2856,5712,30.995400 x 21.870600 x 0.750000,0.787283 x 0.019050 x 0.555513,0.0254,X=-90;Y=0;Z=0 degrees,true,-0.000000 x -0.009525 x 0.000000,103688,
1418-V-0,,,,non_obj_assets,non_obj_assets,,,,,0.0254,,false,,,"Product has linked assets, but none are OBJ files."
14402IN-4A-CP,https://techcomm.kohler.com/techcomm/cad/14402IN-4A.obj,data/3d_catalogue/source/14402IN-4A-CP/14402IN-4A.obj,data/3d_catalogue/normalized_glb/14402IN-4A-CP.glb,success,valid,9391,18474,2.240000 x 7.206000 x 7.745000,0.056896 x 0.196723 x 0.183032,0.0254,X=-90;Y=0;Z=0 degrees,true,-0.000000 x -0.098361 x 0.000000,335268,
14426-2MB,https://techcomm.kohler.com/techcomm/cad/14426.obj,data/3d_catalogue/source/14426-2MB/14426.obj,data/3d_catalogue/normalized_glb/14426-2MB.glb,success,valid,4294,8300,4.000000 x 8.533000 x 4.000000,0.101600 x 0.101600 x 0.216738,0.0254,X=-90;Y=0;Z=0 degrees,true,-0.000000 x -0.000000 x 0.000000,151924,
14426IN-CP,https://techcomm.kohler.com/techcomm/cad/14426IN.obj,data/3d_catalogue/source/14426IN-CP/14426IN.obj,data/3d_catalogue/normalized_glb/14426IN-CP.glb,success,valid,4294,8300,4.000000 x 8.533000 x 4.000000,0.101600 x 0.101600 x 0.216738,0.0254,X=-90;Y=0;Z=0 degrees,true,-0.000000 x -0.000000 x 0.000000,151924,
14428T-4-RGD,https://techcomm.kohler.com/techcomm/cad/14428T-4.obj,data/3d_catalogue/source/14428T-4-RGD/14428T-4.obj,data/3d_catalogue/normalized_glb/14428T-4-RGD.glb,success,valid,13049,25680,13.268000 x 9.405100 x 11.370000,0.337007 x 0.288798 x 0.238890,0.0254,X=-90;Y=0;Z=0 degrees,true,-0.000000 x -0.144399 x 0.000000,465632,
15847T-0,https://techcomm.kohler.com/techcomm/cad/15847T.obj,data/3d_catalogue/source/15847T-0/15847T.obj,data/3d_catalogue/normalized_glb/15847T-0.glb,success,valid,15575,30933,59.077800 x 27.580600 x 17.668400,1.500576 x 0.448777 x 0.700547,0.0254,X=-90;Y=0;Z=0 degrees,true,-0.455013 x 0.186400 x 0.000000,559000,
15848T-0,https://techcomm.kohler.com/techcomm/cad/15848T.obj,data/3d_catalogue/source/15848T-0/15848T.obj,data/3d_catalogue/normalized_glb/15848T-0.glb,success,valid,15135,30053,66.935900 x 27.579600 x 17.595400,1.700172 x 0.446923 x 0.700522,0.0254,X=-90;Y=0;Z=0 degrees,true,-0.555578 x 0.185252 x 0.000000,543156,
16351IN-CP,,,,missing_asset,missing_obj,,,,,0.0254,,false,,,No product-linked asset in normalized asset catalogue.
16356IN-A-AF,https://techcomm.kohler.com/techcomm/cad/16356IN-A.obj,data/3d_catalogue/source/16356IN-A-AF/16356IN-A.obj,data/3d_catalogue/normalized_glb/16356IN-A-AF.glb,success,valid,12469,23414,3.803400 x 7.996400 x 5.970700,0.096606 x 0.151656 x 0.203109,0.0254,X=-90;Y=0;Z=0 degrees,true,-0.000000 x 0.043829 x 0.000000,431500,
16359IN-A-CP,https://techcomm.kohler.com/techcomm/cad/16359IN-A.obj,data/3d_catalogue/source/16359IN-A-CP/16359IN-A.obj,data/3d_catalogue/normalized_glb/16359IN-A-CP.glb,success,valid,13038,23989,8.122800 x 5.093800 x 45.525900,0.206319 x 1.156358 x 0.129383,0.0254,X=-90;Y=0;Z=0 degrees,true,-0.091669 x -0.117392 x 0.000000,445248,
1704T-Z-0,https://techcomm.kohler.com/techcomm/cad/1704T-Z.obj,data/3d_catalogue/source/1704T-Z-0/1704T-Z.obj,data/3d_catalogue/normalized_glb/1704T-Z-0.glb,success,valid,7471,14820,70.866200 x 31.496100 x 20.058900,1.800001 x 0.509496 x 0.800001,0.0254,X=-90;Y=0;Z=0 degrees,true,-0.000000 x 0.204875 x 0.000000,268388,
1709IN-K-0,,,,non_obj_assets,non_obj_assets,,,,,0.0254,,false,,,"Product has linked assets, but none are OBJ files."
17629IN-SM-0,,,,missing_asset,missing_obj,,,,,0.0254,,false,,,No product-linked asset in normalized asset catalogue.
17629T-NS-0,https://techcomm.kohler.com/techcomm/cad/17629T-NS.obj,data/3d_catalogue/source/17629T-NS-0/17629T-NS.obj,data/3d_catalogue/normalized_glb/17629T-NS-0.glb,success,valid,25230,49548,14.785400 x 29.110800 x 27.472300,0.375549 x 0.697796 x 0.739414,0.0254,X=-90;Y=0;Z=0 degrees,true,-0.000000 x -0.348875 x 0.000000,898248,
17661K-S-0,,,,missing_asset,missing_obj,,,,,0.0254,,false,,,No product-linked asset in normalized asset catalogue.
17663IN-0,,,,non_obj_assets,non_obj_assets,,,,,0.0254,,false,,,"Product has linked assets, but none are OBJ files."
1800T-0,https://techcomm.kohler.com/techcomm/cad/1800T.obj,data/3d_catalogue/source/1800T-0/1800T.obj,data/3d_catalogue/normalized_glb/1800T-0.glb,success,valid,14749,29336,65.979800 x 31.496000 x 28.543400,1.675887 x 0.725002 x 0.799998,0.0254,X=-90;Y=0;Z=0 degrees,true,-0.000000 x -0.362501 x 0.000000,529904,
18131IN-S-0,,,,missing_asset,missing_obj,,,,,0.0254,,false,,,No product-linked asset in normalized asset catalogue.
18131IN-S-7,,,,missing_asset,missing_obj,,,,,0.0254,,false,,,No product-linked asset in normalized asset catalogue.
18132IN-2SP-0,,,,missing_asset,missing_obj,,,,,0.0254,,false,,,No product-linked asset in normalized asset catalogue.
18132IN-2SR-0,,,,missing_asset,missing_obj,,,,,0.0254,,false,,,No product-linked asset in normalized asset catalogue.
18133IN-2SS-0,,,,missing_asset,missing_obj,,,,,0.0254,,false,,,No product-linked asset in normalized asset catalogue.
18133IN-SS-0,,,,missing_asset,missing_obj,,,,,0.0254,,false,,,No product-linked asset in normalized asset catalogue.
18343T-0,https://techcomm.kohler.com/techcomm/cad/18343T.obj,data/3d_catalogue/source/18343T-0/18343T.obj,data/3d_catalogue/normalized_glb/18343T-0.glb,success,valid,12904,25588,67.292600 x 30.000000 x 24.006400,1.709232 x 0.609763 x 0.762000,0.0254,X=-90;Y=0;Z=0 degrees,true,-0.000000 x -0.304881 x 0.000000,462760,
18361IN-CL-AF,,,,missing_asset,missing_obj,,,,,0.0254,,false,,,No product-linked asset in normalized asset catalogue.
1851IN-0,,,,non_obj_assets,non_obj_assets,,,,,0.0254,,false,,,"Product has linked assets, but none are OBJ files."
1853IN-0,,,,non_obj_assets,non_obj_assets,,,,,0.0254,,false,,,"Product has linked assets, but none are OBJ files."
1855IN-0,,,,non_obj_assets,non_obj_assets,,,,,0.0254,,false,,,"Product has linked assets, but none are OBJ files."
18749IN-W03C-0,https://techcomm.kohler.com/techcomm/cad/18749IN-W03C.obj,data/3d_catalogue/source/18749IN-W03C-0/18749IN-W03C.obj,data/3d_catalogue/normalized_glb/18749IN-W03C-0.glb,success,valid,30974,59741,72.834400 x 43.307000 x 22.256200,1.849994 x 0.565307 x 1.099998,0.0254,X=-90;Y=0;Z=0 degrees,true,-0.000000 x 0.191945 x 0.000000,1089492,
18775T-0,https://techcomm.kohler.com/techcomm/cad/18775T.obj,data/3d_catalogue/source/18775T-0/18775T.obj,data/3d_catalogue/normalized_glb/18775T-0.glb,success,valid,11953,23874,65.748900 x 29.922000 x 16.205100,1.670022 x 0.411610 x 0.760019,0.0254,X=-90;Y=0;Z=0 degrees,true,0.547000 x 0.159805 x 0.000000,430828,
18776T-0,https://techcomm.kohler.com/techcomm/cad/18776T.obj,data/3d_catalogue/source/18776T-0/18776T.obj,data/3d_catalogue/normalized_glb/18776T-0.glb,success,valid,11445,22858,59.842500 x 29.921600 x 16.143200,1.519999 x 0.410037 x 0.760009,0.0254,X=-90;Y=0;Z=0 degrees,true,0.471997 x 0.159019 x 0.000000,412552,
18778T-0,,,,non_obj_assets,non_obj_assets,,,,,0.0254,,false,,,"Product has linked assets, but none are OBJ files."
20070IN-4-CP,https://techcomm.kohler.com/techcomm/cad/20070IN-4.obj,data/3d_catalogue/source/20070IN-4-CP/20070IN-4.obj,data/3d_catalogue/normalized_glb/20070IN-4-CP.glb,success,valid,8223,15552,1.775200 x 6.490400 x 10.598000,0.045090 x 0.269189 x 0.164856,0.0254,X=-90;Y=0;Z=0 degrees,true,-0.000000 x -0.134592 x 0.000000,286204,
20071IN-4-CP,https://techcomm.kohler.com/techcomm/cad/20071IN-4.obj,data/3d_catalogue/source/20071IN-4-CP/20071IN-4.obj,data/3d_catalogue/normalized_glb/20071IN-4-CP.glb,success,valid,8453,16012,1.775200 x 6.490400 x 10.651800,0.045090 x 0.270556 x 0.164856,0.0254,X=-90;Y=0;Z=0 degrees,true,-0.000000 x -0.135275 x 0.000000,294480,
20077IN-CP,https://techcomm.kohler.com/techcomm/cad/20077IN.obj,data/3d_catalogue/source/20077IN-CP/20077IN.obj,data/3d_catalogue/normalized_glb/20077IN-CP.glb,success,valid,8791,17331,2.756000 x 7.009100 x 3.092400,0.070002 x 0.078547 x 0.178031,0.0254,X=-90;Y=0;Z=0 degrees,true,-0.000000 x 0.004272 x 0.000000,314356,
20217IN-S-0,,,,missing_asset,missing_obj,,,,,0.0254,,false,,,No product-linked asset in normalized asset catalogue.
20249T-0,https://techcomm.kohler.com/techcomm/cad/20249T.obj,data/3d_catalogue/source/20249T-0/20249T.obj,data/3d_catalogue/normalized_glb/20249T-0.glb,success,valid,5624,11240,70.808300 x 31.367200 x 23.871900,1.798531 x 0.606346 x 0.796727,0.0254,X=-90;Y=0;Z=0 degrees,true,-0.218632 x -0.303186 x 0.000000,203284,
20627IN-K-0,,,,non_obj_assets,non_obj_assets,,,,,0.0254,,false,,,"Product has linked assets, but none are OBJ files."
20703-0,https://techcomm.kohler.com/techcomm/cad/20703.obj,data/3d_catalogue/source/20703-0/20703.obj,data/3d_catalogue/normalized_glb/20703-0.glb,success,valid,11090,22004,16.000000 x 15.998800 x 15.064800,0.406400 x 0.382646 x 0.406370,0.0254,X=-90;Y=0;Z=0 degrees,true,-0.000000 x -0.191323 x 0.000000,397980,
20704-0,https://techcomm.kohler.com/techcomm/cad/20704.obj,data/3d_catalogue/source/20704-0/20704.obj,data/3d_catalogue/normalized_glb/20704-0.glb,success,valid,9953,19734,20.641200 x 7.966400 x 13.778200,0.524286 x 0.349966 x 0.202347,0.0254,X=-90;Y=0;Z=0 degrees,true,-0.000000 x -0.000000 x 0.000000,357152,
21060IN-0,https://techcomm.kohler.com/techcomm/cad/21060IN.obj,data/3d_catalogue/source/21060IN-0/21060IN.obj,data/3d_catalogue/normalized_glb/21060IN-0.glb,success,valid,2914,5790,22.994600 x 16.003000 x 6.991800,0.584063 x 0.177592 x 0.406476,0.0254,X=-90;Y=0;Z=0 degrees,true,-0.000000 x 0.088636 x 0.000000,105336,
21226IN-HP1,https://techcomm.kohler.com/techcomm/cad/21226IN.obj,data/3d_catalogue/source/21226IN-HP1/21226IN.obj,data/3d_catalogue/normalized_glb/21226IN-HP1.glb,success,valid,8459,16954,23.620800 x 15.604800 x 5.236000,0.599968 x 0.132994 x 0.396362,0.0254,X=-90;Y=0;Z=0 degrees,true,-0.000000 x -0.052497 x 0.000000,305844,
21226IN-SS-0,https://techcomm.kohler.com/techcomm/cad/21226IN-SS.obj,data/3d_catalogue/source/21226IN-SS-0/21226IN-SS.obj,data/3d_catalogue/normalized_glb/21226IN-SS-0.glb,success,valid,8459,16954,23.620800 x 15.604800 x 5.236000,0.599968 x 0.132994 x 0.396362,0.0254,X=-90;Y=0;Z=0 degrees,true,-0.000000 x -0.052497 x 0.000000,305844,
21748IN-HB1,https://techcomm.kohler.com/techcomm/cad/21748IN.obj,data/3d_catalogue/source/21748IN-HB1/21748IN.obj,data/3d_catalogue/normalized_glb/21748IN-HB1.glb,success,valid,18289,36234,15.165900 x 22.137200 x 15.688700,0.385214 x 0.398493 x 0.562285,0.0254,X=-90;Y=0;Z=0 degrees,true,0.000006 x -0.283338 x 0.000000,655200,
21969IN-4ND-BV,https://techcomm.kohler.com/techcomm/cad/21969IN-4ND.obj,data/3d_catalogue/source/21969IN-4ND-BV/21969IN-4ND.obj,data/3d_catalogue/normalized_glb/21969IN-4ND-BV.glb,success,valid,9686,18954,7.874000 x 7.063400 x 5.223500,0.200000 x 0.132677 x 0.179410,0.0254,X=-90;Y=0;Z=0 degrees,true,-0.000000 x 0.026339 x 0.000000,344572,
2200IN-0,https://techcomm.kohler.com/techcomm/cad/2200IN.obj,data/3d_catalogue/source/2200IN-0/2200IN.obj,data/3d_catalogue/normalized_glb/2200IN-0.glb,success,valid,9155,18112,16.250000 x 16.250000 x 6.380000,0.412750 x 0.162052 x 0.412750,0.0254,X=-90;Y=0;Z=0 degrees,true,-0.000000 x 0.004826 x 0.000000,328036,
2210IN-0,https://techcomm.kohler.com/techcomm/cad/2210IN.obj,data/3d_catalogue/source/2210IN-0/2210IN.obj,data/3d_catalogue/normalized_glb/2210IN-0.glb,success,valid,9169,18334,19.360800 x 16.172800 x 7.380200,0.491764 x 0.187457 x 0.410789,0.0254,X=-90;Y=0;Z=0 degrees,true,-0.000000 x 0.081029 x 0.000000,330912,
2211IN-0,https://techcomm.kohler.com/techcomm/cad/2211IN.obj,data/3d_catalogue/source/2211IN-0/2211IN.obj,data/3d_catalogue/normalized_glb/2211IN-0.glb,success,valid,10362,20720,21.100200 x 17.232200 x 7.379800,0.535945 x 0.187447 x 0.437698,0.0254,X=-90;Y=0;Z=0 degrees,true,-0.000000 x 0.082547 x 0.000000,373892,
2214IN-0,https://techcomm.kohler.com/techcomm/cad/2214IN.obj,data/3d_catalogue/source/2214IN-0/2214IN.obj,data/3d_catalogue/normalized_glb/2214IN-0.glb,success,valid,7573,15138,20.226200 x 14.106000 x 8.000000,0.513745 x 0.203200 x 0.358292,0.0254,X=-90;Y=0;Z=0 degrees,true,-0.000000 x 0.088989 x 0.000000,273436,
2215IN-2-0,https://techcomm.kohler.com/techcomm/cad/2215IN-2.obj,data/3d_catalogue/source/2215IN-2-0/2215IN-2.obj,data/3d_catalogue/normalized_glb/2215IN-2-0.glb,success,valid,8094,16156,23.146400 x 16.035800 x 7.998900,0.587919 x 0.203172 x 0.407309,0.0254,X=-90;Y=0;Z=0 degrees,true,-0.000000 x 0.088894 x 0.000000,291908,
22166-CP,https://techcomm.kohler.com/techcomm/cad/22166.obj,data/3d_catalogue/source/22166-CP/22166.obj,data/3d_catalogue/normalized_glb/22166-CP.glb,success,valid,15675,27400,5.008400 x 3.890100 x 11.191000,0.127213 x 0.284251 x 0.098809,0.0254,X=-90;Y=0;Z=0 degrees,true,-0.000000 x -0.138102 x 0.000000,832152,
22534IN-4-CP,https://techcomm.kohler.com/techcomm/cad/22534IN-4.obj,data/3d_catalogue/source/22534IN-4-CP/22534IN-4.obj,data/3d_catalogue/normalized_glb/22534IN-4-CP.glb,success,valid,10221,20080,1.800400 x 6.364500 x 6.153300,0.045730 x 0.156294 x 0.161658,0.0254,X=-90;Y=0;Z=0 degrees,true,-0.000000 x -0.078147 x 0.000000,364504,
22540IN-4AND-CP,,,,non_obj_assets,non_obj_assets,,,,,0.0254,,false,,,"Product has linked assets, but none are OBJ files."
22543IN-N-CP,,,,non_obj_assets,non_obj_assets,,,,,0.0254,,false,,,"Product has linked assets, but none are OBJ files."
22645IN-CP,https://techcomm.kohler.com/techcomm/cad/22645IN.obj,data/3d_catalogue/source/22645IN-CP/22645IN.obj,data/3d_catalogue/normalized_glb/22645IN-CP.glb,success,valid,17766,34073,5.009000 x 8.250300 x 6.662000,0.127229 x 0.169215 x 0.209558,0.0254,X=-90;Y=0;Z=0 degrees,true,-0.000000 x 0.054607 x 0.000000,622956,
23486IN-4ND-CP,https://techcomm.kohler.com/techcomm/cad/23486IN-4ND.obj,data/3d_catalogue/source/23486IN-4ND-CP/23486IN-4ND.obj,data/3d_catalogue/normalized_glb/23486IN-4ND-CP.glb,success,valid,9070,17734,7.640200 x 7.224400 x 5.342600,0.194061 x 0.135702 x 0.183500,0.0254,X=-90;Y=0;Z=0 degrees,true,-0.000000 x 0.027851 x 0.000000,322552,
2349IN-FDL-96,https://techcomm.kohler.com/techcomm/cad/2349IN-FDL.obj,data/3d_catalogue/source/2349IN-FDL-96/2349IN-FDL.obj,data/3d_catalogue/normalized_glb/2349IN-FDL-96.glb,success,valid,3907,7712,16.110300 x 16.110000 x 6.940000,0.409202 x 0.176276 x 0.409194,0.0254,X=-90;Y=0;Z=0 degrees,true,-0.000004 x 0.088135 x 0.000000,140360,
23512IN-CP,https://techcomm.kohler.com/techcomm/cad/23512IN.obj,data/3d_catalogue/source/23512IN-CP/23512IN.obj,data/3d_catalogue/normalized_glb/23512IN-CP.glb,success,valid,7917,15594,2.362200 x 7.362200 x 2.362200,0.060000 x 0.060000 x 0.187000,0.0254,X=-90;Y=0;Z=0 degrees,true,-0.000000 x -0.000000 x 0.000000,282992,
23657IN-CP,https://techcomm.kohler.com/techcomm/cad/23657IN.obj,data/3d_catalogue/source/23657IN-CP/23657IN.obj,data/3d_catalogue/normalized_glb/23657IN-CP.glb,success,valid,17394,32364,4.802800 x 7.963100 x 6.283800,0.121991 x 0.159609 x 0.202263,0.0254,X=-90;Y=0;Z=0 degrees,true,-0.000000 x 0.047805 x 0.000000,597992,
23973IN-AA-CP,https://techcomm.kohler.com/techcomm/cad/23973IN-AA.obj,data/3d_catalogue/source/23973IN-AA-CP/23973IN-AA.obj,data/3d_catalogue/normalized_glb/23973IN-AA-CP.glb,success,valid,5811,10888,2.707400 x 4.817400 x 4.296600,0.068768 x 0.109134 x 0.122362,0.0254,X=-90;Y=0;Z=0 degrees,true,-0.000000 x -0.054567 x 0.000000,201284,
23975IN-4ND-CP,https://techcomm.kohler.com/techcomm/cad/23975IN-4ND.obj,data/3d_catalogue/source/23975IN-4ND-CP/23975IN-4ND.obj,data/3d_catalogue/normalized_glb/23975IN-4ND-CP.glb,success,valid,8200,15708,2.750000 x 7.007700 x 9.021000,0.069850 x 0.229133 x 0.177996,0.0254,X=-90;Y=0;Z=0 degrees,true,-0.000000 x -0.045222 x 0.000000,287776,
24280IN-4ND-RGD,https://techcomm.kohler.com/techcomm/cad/24280IN-4ND.obj,data/3d_catalogue/source/24280IN-4ND-RGD/24280IN-4ND.obj,data/3d_catalogue/normalized_glb/24280IN-4ND-RGD.glb,success,valid,9070,17734,7.640200 x 7.224400 x 5.342600,0.194061 x 0.135702 x 0.183500,0.0254,X=-90;Y=0;Z=0 degrees,true,-0.000000 x 0.027851 x 0.000000,322552,
24470IN-CP,https://techcomm.kohler.com/techcomm/cad/24470IN.obj,data/3d_catalogue/source/24470IN-CP/24470IN.obj,data/3d_catalogue/normalized_glb/24470IN-CP.glb,success,valid,28995,52734,13.188200 x 9.172600 x 2.578700,0.334980 x 0.065499 x 0.232984,0.0254,X=-90;Y=0;Z=0 degrees,true,-0.000000 x 0.032749 x 0.000000,981632,
24547IN-CP,https://techcomm.kohler.com/techcomm/cad/24547IN.obj,data/3d_catalogue/source/24547IN-CP/24547IN.obj,data/3d_catalogue/normalized_glb/24547IN-CP.glb,success,valid,17220,32507,4.920500 x 4.174400 x 4.366300,0.124981 x 0.110904 x 0.106030,0.0254,X=-90;Y=0;Z=0 degrees,true,-0.000011 x 0.046557 x 0.000000,597648,
24613IN-CP,https://techcomm.kohler.com/techcomm/cad/24613in.obj,data/3d_catalogue/source/24613IN-CP/24613in.obj,data/3d_catalogue/normalized_glb/24613IN-CP.glb,success,valid,17511,32326,5.681200 x 5.229700 x 5.229800,0.144302 x 0.132837 x 0.132834,0.0254,X=-90;Y=0;Z=0 degrees,true,-0.000000 x 0.058285 x 0.000000,598936,
24717IN-CP,https://techcomm.kohler.com/techcomm/cad/24717IN.obj,data/3d_catalogue/source/24717IN-CP/24717IN.obj,data/3d_catalogue/normalized_glb/24717IN-CP.glb,success,valid,11365,20956,4.959600 x 1.912000 x 9.683100,0.125974 x 0.245951 x 0.048565,0.0254,X=-90;Y=0;Z=0 degrees,true,-0.000000 x -0.120689 x 0.000000,388760,
24717T-BL,https://techcomm.kohler.com/techcomm/cad/24717T.obj,data/3d_catalogue/source/24717T-BL/24717T.obj,data/3d_catalogue/normalized_glb/24717T-BL.glb,success,valid,11365,20956,4.959600 x 2.549300 x 9.534600,0.125974 x 0.242179 x 0.064752,0.0254,X=-90;Y=0;Z=0 degrees,true,-0.000000 x -0.121089 x 0.000000,388744,
25148IN-4ND-CP,https://techcomm.kohler.com/techcomm/cad/25148IN-4ND.obj,data/3d_catalogue/source/25148IN-4ND-CP/25148IN-4ND.obj,data/3d_catalogue/normalized_glb/25148IN-4ND-CP.glb,success,valid,10077,19741,6.377800 x 6.917000 x 3.706600,0.161996 x 0.094148 x 0.175692,0.0254,X=-90;Y=0;Z=0 degrees,true,-0.000229 x 0.016678 x 0.000000,358760,
25316IN-0,https://techcomm.kohler.com/techcomm/cad/25316IN.obj,data/3d_catalogue/source/25316IN-0/25316IN.obj,data/3d_catalogue/normalized_glb/25316IN-0.glb,success,valid,7738,15382,21.153000 x 17.981700 x 5.669300,0.537286 x 0.144000 x 0.456735,0.0254,X=-90;Y=0;Z=0 degrees,true,0.000010 x -0.072000 x 0.000000,278332,
25317IN-0,https://techcomm.kohler.com/techcomm/cad/25317IN.obj,data/3d_catalogue/source/25317IN-0/25317IN.obj,data/3d_catalogue/normalized_glb/25317IN-0.glb,success,valid,7154,13958,21.408600 x 19.230600 x 8.092300,0.543778 x 0.205544 x 0.488457,0.0254,X=-90;Y=0;Z=0 degrees,true,0.000241 x -0.038228 x 0.000000,254260,
25318IN-0,https://techcomm.kohler.com/techcomm/cad/25318IN.obj,data/3d_catalogue/source/25318IN-0/25318IN.obj,data/3d_catalogue/normalized_glb/25318IN-0.glb,success,valid,6560,13026,18.543800 x 14.146200 x 5.670600,0.471013 x 0.144033 x 0.359313,0.0254,X=-90;Y=0;Z=0 degrees,true,-0.000000 x -0.072017 x 0.000000,235904,
25757IN-4ND-CP,https://techcomm.kohler.com/techcomm/cad/25757IN-4ND.obj,data/3d_catalogue/source/25757IN-4ND-CP/25757IN-4ND.obj,data/3d_catalogue/normalized_glb/25757IN-4ND-CP.glb,success,valid,9990,19574,2.165400 x 8.312500 x 5.647900,0.055001 x 0.143457 x 0.211137,0.0254,X=-90;Y=0;Z=0 degrees,true,-0.000000 x -0.071728 x 0.000000,355668,
25758IN-4ND-CP,https://techcomm.kohler.com/techcomm/cad/25758IN-4ND.obj,data/3d_catalogue/source/25758IN-4ND-CP/25758IN-4ND.obj,data/3d_catalogue/normalized_glb/25758IN-4ND-CP.glb,success,valid,10140,19860,2.165400 x 9.375400 x 10.792800,0.055001 x 0.274137 x 0.238135,0.0254,X=-90;Y=0;Z=0 degrees,true,-0.000000 x -0.137069 x 0.000000,360904,
25759IN-4ND-CP,https://techcomm.kohler.com/techcomm/cad/25759IN-4ND.obj,data/3d_catalogue/source/25759IN-4ND-CP/25759IN-4ND.obj,data/3d_catalogue/normalized_glb/25759IN-4ND-CP.glb,success,valid,8276,16255,6.656300 x 8.786900 x 4.611800,0.169070 x 0.117140 x 0.223187,0.0254,X=-90;Y=0;Z=0 degrees,true,0.000004 x 0.023553 x 0.000000,295292,
25764IN-CP,https://techcomm.kohler.com/techcomm/cad/25764IN.obj,data/3d_catalogue/source/25764IN-CP/25764IN.obj,data/3d_catalogue/normalized_glb/25764IN-CP.glb,success,valid,7734,15262,2.165800 x 7.867400 x 3.478600,0.055011 x 0.088356 x 0.199832,0.0254,X=-90;Y=0;Z=0 degrees,true,-0.000000 x -0.009322 x 0.000000,276848,
25765IN-CP,https://techcomm.kohler.com/techcomm/cad/25765IN.obj,data/3d_catalogue/source/25765IN-CP/25765IN.obj,data/3d_catalogue/normalized_glb/25765IN-CP.glb,success,valid,5184,10234,2.165500 x 7.867500 x 2.750400,0.055004 x 0.069860 x 0.199834,0.0254,X=-90;Y=0;Z=0 degrees,true,0.000032 x -0.000000 x 0.000000,185916,
26046IN-CP,https://techcomm.kohler.com/techcomm/cad/26046IN.obj,data/3d_catalogue/source/26046IN-CP/26046IN.obj,data/3d_catalogue/normalized_glb/26046IN-CP.glb,success,valid,5784,11328,2.391200 x 6.917200 x 2.391200,0.060736 x 0.060736 x 0.175697,0.0254,X=-90;Y=0;Z=0 degrees,true,-0.000000 x -0.000000 x 0.000000,206204,
26048IN-4ND-CP,https://techcomm.kohler.com/techcomm/cad/26048IN-4ND.obj,data/3d_catalogue/source/26048IN-4ND-CP/26048IN-4ND.obj,data/3d_catalogue/normalized_glb/26048IN-4ND-CP.glb,success,valid,11268,22100,6.381600 x 6.917200 x 4.416500,0.162093 x 0.112179 x 0.175697,0.0254,X=-90;Y=0;Z=0 degrees,true,-0.000000 x 0.025721 x 0.000000,401312,
26284IN-AF,https://techcomm.kohler.com/techcomm/cad/26284IN.obj,data/3d_catalogue/source/26284IN-AF/26284IN.obj,data/3d_catalogue/normalized_glb/26284IN-AF.glb,success,valid,17866,32760,3.602400 x 2.541600 x 9.564300,0.091501 x 0.242933 x 0.064557,0.0254,X=-90;Y=0;Z=0 degrees,true,-0.000000 x -0.118716 x 0.000000,608412,
26284T-2MB,https://techcomm.kohler.com/techcomm/cad/26284T.obj,data/3d_catalogue/source/26284T-2MB/26284T.obj,data/3d_catalogue/normalized_glb/26284T-2MB.glb,success,valid,17866,32760,3.602400 x 2.541600 x 9.564300,0.091501 x 0.242933 x 0.064557,0.0254,X=-90;Y=0;Z=0 degrees,true,-0.000000 x -0.118716 x 0.000000,608412,
26286IN-G-AF,https://techcomm.kohler.com/techcomm/cad/26286IN-G.obj,data/3d_catalogue/source/26286IN-G-AF/26286IN-G.obj,data/3d_catalogue/normalized_glb/26286IN-G-AF.glb,success,valid,5472,10322,2.540000 x 3.584600 x 7.545100,0.064516 x 0.191646 x 0.091049,0.0254,X=-90;Y=0;Z=0 degrees,true,-0.000000 x -0.095823 x 0.000000,190416,
26290IN-CP,https://techcomm.kohler.com/techcomm/cad/26290IN.obj,data/3d_catalogue/source/26290IN-CP/26290IN.obj,data/3d_catalogue/normalized_glb/26290IN-CP.glb,success,valid,16063,29546,7.970000 x 3.774500 x 5.532100,0.202438 x 0.140515 x 0.095872,0.0254,X=-90;Y=0;Z=0 degrees,true,-0.000000 x -0.034688 x 0.000000,548212,
26290T-2MB,https://techcomm.kohler.com/techcomm/cad/26290T.obj,data/3d_catalogue/source/26290T-2MB/26290T.obj,data/3d_catalogue/normalized_glb/26290T-2MB.glb,success,valid,16063,29546,7.970000 x 3.774500 x 5.532100,0.202438 x 0.140515 x 0.095872,0.0254,X=-90;Y=0;Z=0 degrees,true,-0.000000 x -0.034688 x 0.000000,548212,
26294IN-AF,https://techcomm.kohler.com/techcomm/cad/26294IN.obj,data/3d_catalogue/source/26294IN-AF/26294IN.obj,data/3d_catalogue/normalized_glb/26294IN-AF.glb,success,valid,11742,21372,13.897000 x 7.991800 x 3.752900,0.352984 x 0.095324 x 0.202992,0.0254,X=-90;Y=0;Z=0 degrees,true,0.000005 x 0.047680 x 0.000000,398280,
26294T-2MB,https://techcomm.kohler.com/techcomm/cad/26294T.obj,data/3d_catalogue/source/26294T-2MB/26294T.obj,data/3d_catalogue/normalized_glb/26294T-2MB.glb,success,valid,11742,21372,13.897000 x 7.991800 x 3.752900,0.352984 x 0.095324 x 0.202992,0.0254,X=-90;Y=0;Z=0 degrees,true,0.000005 x 0.047680 x 0.000000,398280,
26295T-2MB,https://techcomm.kohler.com/techcomm/cad/26295T.obj,data/3d_catalogue/source/26295T-2MB/26295T.obj,data/3d_catalogue/normalized_glb/26295T-2MB.glb,success,valid,18383,32246,13.897300 x 7.991800 x 3.407500,0.352991 x 0.086551 x 0.202992,0.0254,X=-90;Y=0;Z=0 degrees,true,0.000001 x 0.043275 x 0.000000,608440,
26296IN-AF,https://techcomm.kohler.com/techcomm/cad/26296IN.obj,data/3d_catalogue/source/26296IN-AF/26296IN.obj,data/3d_catalogue/normalized_glb/26296IN-AF.glb,success,valid,18382,31720,13.897200 x 7.991800 x 3.413400,0.352989 x 0.086700 x 0.202992,0.0254,X=-90;Y=0;Z=0 degrees,true,-0.000000 x 0.000000 x 0.000000,602124,
26296T-2MB,https://techcomm.kohler.com/techcomm/cad/26296T.obj,data/3d_catalogue/source/26296T-2MB/26296T.obj,data/3d_catalogue/normalized_glb/26296T-2MB.glb,success,valid,18382,31720,13.897200 x 7.991800 x 3.413400,0.352989 x 0.086700 x 0.202992,0.0254,X=-90;Y=0;Z=0 degrees,true,-0.000000 x 0.000000 x 0.000000,602124,
26297IN-CP,https://techcomm.kohler.com/techcomm/cad/26297IN.obj,data/3d_catalogue/source/26297IN-CP/26297IN.obj,data/3d_catalogue/normalized_glb/26297IN-CP.glb,success,valid,17681,30624,17.834200 x 8.065800 x 3.423600,0.452989 x 0.086959 x 0.204871,0.0254,X=-90;Y=0;Z=0 degrees,true,-0.000000 x 0.043480 x 0.000000,580536,
26303T-CP,https://techcomm.kohler.com/techcomm/cad/26303T.obj,data/3d_catalogue/source/26303T-CP/26303T.obj,data/3d_catalogue/normalized_glb/26303T-CP.glb,success,valid,37225,63436,13.897300 x 29.913800 x 75.852200,0.352991 x 1.926646 x 0.759811,0.0254,X=-90;Y=0;Z=0 degrees,true,0.000832 x 0.963323 x 0.000000,1208832,
2661IN-0,https://techcomm.kohler.com/techcomm/cad/2661IN.obj,data/3d_catalogue/source/2661IN-0/2661IN.obj,data/3d_catalogue/normalized_glb/2661IN-0.glb,success,valid,7323,14546,16.141800 x 16.141800 x 8.116600,0.410002 x 0.206162 x 0.410002,0.0254,X=-90;Y=0;Z=0 degrees,true,-0.000000 x 0.022202 x 0.000000,263332,
26791IN-4ND-CP,https://techcomm.kohler.com/techcomm/cad/26791IN-4ND.obj,data/3d_catalogue/source/26791IN-4ND-CP/26791IN-4ND.obj,data/3d_catalogue/normalized_glb/26791IN-4ND-CP.glb,success,valid,11278,21982,7.998800 x 7.203600 x 4.685600,0.203170 x 0.119014 x 0.182971,0.0254,X=-90;Y=0;Z=0 degrees,true,-0.000000 x 0.021422 x 0.000000,400028,
26853IN-CP,https://techcomm.kohler.com/techcomm/cad/26853IN.obj,data/3d_catalogue/source/26853IN-CP/26853IN.obj,data/3d_catalogue/normalized_glb/26853IN-CP.glb,success,valid,26876,51297,3.896600 x 3.994900 x 4.463800,0.098974 x 0.113381 x 0.101470,0.0254,X=-90;Y=0;Z=0 degrees,true,0.000005 x 0.048242 x 0.000000,938996,
26855IN-CP,https://techcomm.kohler.com/techcomm/cad/26855IN.obj,data/3d_catalogue/source/26855IN-CP/26855IN.obj,data/3d_catalogue/normalized_glb/26855IN-CP.glb,success,valid,29258,54248,10.038300 x 7.224800 x 7.224800,0.254973 x 0.183510 x 0.183510,0.0254,X=-90;Y=0;Z=0 degrees,true,-0.000001 x -0.025987 x 0.000000,1002984,
26856IN-CP,https://techcomm.kohler.com/techcomm/cad/26856IN.obj,data/3d_catalogue/source/26856IN-CP/26856IN.obj,data/3d_catalogue/normalized_glb/26856IN-CP.glb,success,valid,28242,52030,12.204000 x 8.761800 x 8.761800,0.309982 x 0.222550 x 0.222550,0.0254,X=-90;Y=0;Z=0 degrees,true,-0.000000 x 0.028519 x 0.000000,964176,
26994IN-0,,,,missing_asset,missing_obj,,,,,0.0254,,false,,,No product-linked asset in normalized asset catalogue.
26994IN-HB1,,,,missing_asset,missing_obj,,,,,0.0254,,false,,,No product-linked asset in normalized asset catalogue.
26998IN-0,,,,missing_asset,missing_obj,,,,,0.0254,,false,,,No product-linked asset in normalized asset catalogue.
27477IN-4ND-CP,https://techcomm.kohler.com/techcomm/cad/27477IN-4ND.obj,data/3d_catalogue/source/27477IN-4ND-CP/27477IN-4ND.obj,data/3d_catalogue/normalized_glb/27477IN-4ND-CP.glb,success,valid,11726,22271,1.887400 x 5.570800 x 5.826700,0.047940 x 0.147998 x 0.141498,0.0254,X=-90;Y=0;Z=0 degrees,true,-0.000112 x -0.073999 x 0.000000,408876,
27481IN-4ND-CP,https://techcomm.kohler.com/techcomm/cad/27481IN-4ND.obj,data/3d_catalogue/source/27481IN-4ND-CP/27481IN-4ND.obj,data/3d_catalogue/normalized_glb/27481IN-4ND-CP.glb,success,valid,12449,24546,6.380200 x 6.981200 x 4.633400,0.162057 x 0.117688 x 0.177322,0.0254,X=-90;Y=0;Z=0 degrees,true,-0.000000 x 0.028130 x 0.000000,444836,
27483IN-4ND-CP,https://techcomm.kohler.com/techcomm/cad/27483IN-4ND.obj,data/3d_catalogue/source/27483IN-4ND-CP/27483IN-4ND.obj,data/3d_catalogue/normalized_glb/27483IN-4ND-CP.glb,success,valid,13105,25779,6.370600 x 7.020300 x 3.926500,0.161813 x 0.099733 x 0.178316,0.0254,X=-90;Y=0;Z=0 degrees,true,-0.000000 x 0.019656 x 0.000000,467520,
27487IN-4ND-CP,https://techcomm.kohler.com/techcomm/cad/27487IN-4ND.obj,data/3d_catalogue/source/27487IN-4ND-CP/27487IN-4ND.obj,data/3d_catalogue/normalized_glb/27487IN-4ND-CP.glb,success,valid,13105,25779,6.370600 x 7.020300 x 3.926500,0.161813 x 0.099733 x 0.178316,0.0254,X=-90;Y=0;Z=0 degrees,true,-0.000000 x 0.019656 x 0.000000,467520,
27488IN-4ND-CP,https://techcomm.kohler.com/techcomm/cad/27488IN-4ND.obj,data/3d_catalogue/source/27488IN-4ND-CP/27488IN-4ND.obj,data/3d_catalogue/normalized_glb/27488IN-4ND-CP.glb,success,valid,13620,26809,6.370600 x 7.020300 x 4.214800,0.161813 x 0.107056 x 0.178316,0.0254,X=-90;Y=0;Z=0 degrees,true,0.000127 x 0.023317 x 0.000000,486092,
27489IN-4ND-CP,https://techcomm.kohler.com/techcomm/cad/27489IN-4ND.obj,data/3d_catalogue/source/27489IN-4ND-CP/27489IN-4ND.obj,data/3d_catalogue/normalized_glb/27489IN-4ND-CP.glb,success,valid,15161,29923,6.376600 x 6.981000 x 4.034800,0.161966 x 0.102484 x 0.177317,0.0254,X=-90;Y=0;Z=0 degrees,true,-0.000000 x 0.020846 x 0.000000,541916,
27490IN-CP,https://techcomm.kohler.com/techcomm/cad/27490IN.obj,data/3d_catalogue/source/27490IN-CP/27490IN.obj,data/3d_catalogue/normalized_glb/27490IN-CP.glb,success,valid,4705,9078,2.362200 x 6.426500 x 2.362200,0.060000 x 0.060000 x 0.163233,0.0254,X=-90;Y=0;Z=0 degrees,true,-0.000000 x -0.000000 x 0.000000,166260,
27492IN-CP,https://techcomm.kohler.com/techcomm/cad/27492IN.obj,data/3d_catalogue/source/27492IN-CP/27492IN.obj,data/3d_catalogue/normalized_glb/27492IN-CP.glb,success,valid,4782,8414,2.393400 x 6.387100 x 2.393500,0.060792 x 0.060795 x 0.162232,0.0254,X=-90;Y=0;Z=0 degrees,true,-0.000000 x 0.000001 x 0.000000,159252,
27493IN-CP,https://techcomm.kohler.com/techcomm/cad/27493IN.obj,data/3d_catalogue/source/27493IN-CP/27493IN.obj,data/3d_catalogue/normalized_glb/27493IN-CP.glb,success,valid,9859,18998,2.362200 x 6.426600 x 2.903800,0.060000 x 0.073757 x 0.163236,0.0254,X=-90;Y=0;Z=0 degrees,true,-0.000000 x 0.002672 x 0.000000,347184,
27494IN-CP,https://techcomm.kohler.com/techcomm/cad/27494IN.obj,data/3d_catalogue/source/27494IN-CP/27494IN.obj,data/3d_catalogue/normalized_glb/27494IN-CP.glb,success,valid,7922,14619,2.393400 x 6.387100 x 2.904100,0.060792 x 0.073764 x 0.162232,0.0254,X=-90;Y=0;Z=0 degrees,true,-0.000000 x 0.002645 x 0.000000,271392,
2749T-1-0,https://techcomm.kohler.com/techcomm/cad/2749T-1.obj,data/3d_catalogue/source/2749T-1-0/2749T-1.obj,data/3d_catalogue/normalized_glb/2749T-1-0.glb,success,valid,9438,18804,35.433000 x 20.473600 x 7.011800,0.899998 x 0.178100 x 0.520029,0.0254,X=-90;Y=0;Z=0 degrees,true,-0.000000 x -0.060947 x 0.000000,339820,
27724IN-CP,https://techcomm.kohler.com/techcomm/cad/27724IN.obj,data/3d_catalogue/source/27724IN-CP/27724IN.obj,data/3d_catalogue/normalized_glb/27724IN-CP.glb,success,valid,17424,32557,4.842900 x 5.467500 x 5.878200,0.123010 x 0.149306 x 0.138875,0.0254,X=-90;Y=0;Z=0 degrees,true,0.000039 x 0.066347 x 0.000000,600692,
27731IN-CP,https://techcomm.kohler.com/techcomm/cad/27731IN.obj,data/3d_catalogue/source/27731IN-CP/27731IN.obj,data/3d_catalogue/normalized_glb/27731IN-CP.glb,success,valid,17027,30872,13.188400 x 8.660800 x 2.468500,0.334985 x 0.062700 x 0.219984,0.0254,X=-90;Y=0;Z=0 degrees,true,-0.000000 x 0.031350 x 0.000000,575672,
27791IN-WAF-0,https://techcomm.kohler.com/techcomm/cad/27791IN-WAF.obj,data/3d_catalogue/source/27791IN-WAF-0/27791IN-WAF.obj,data/3d_catalogue/normalized_glb/27791IN-WAF-0.glb,success,valid,20390,40696,14.228400 x 21.283900 x 15.967700,0.361401 x 0.405580 x 0.540611,0.0254,X=-90;Y=0;Z=0 degrees,true,-0.000000 x -0.285012 x 0.000000,733944,
27792IN-0,,,,missing_asset,missing_obj,,,,,0.0254,,false,,,No product-linked asset in normalized asset catalogue.
27902IN-SS-0,,,,missing_asset,missing_obj,,,,,0.0254,,false,,,No product-linked asset in normalized asset catalogue.
27903IN-WRGD-0,,,,non_obj_assets,non_obj_assets,,,,,0.0254,,false,,,"Product has linked assets, but none are OBJ files."
28514IN-ND-CP,https://techcomm.kohler.com/techcomm/cad/28514IN-ND.obj,data/3d_catalogue/source/28514IN-ND-CP/28514IN-ND.obj,data/3d_catalogue/normalized_glb/28514IN-ND-CP.glb,success,valid,12443,23952,2.015800 x 8.102800 x 11.210900,0.051201 x 0.284757 x 0.205811,0.0254,X=-90;Y=0;Z=0 degrees,true,-0.000000 x -0.142378 x 0.000000,437624,
28529IN-0,https://techcomm.kohler.com/techcomm/cad/28529IN.obj,data/3d_catalogue/source/28529IN-0/28529IN.obj,data/3d_catalogue/normalized_glb/28529IN-0.glb,success,valid,27134,53358,22.054800 x 28.617900 x 35.336500,0.560192 x 0.897547 x 0.726895,0.0254,X=-90;Y=0;Z=0 degrees,true,-0.095758 x -0.448774 x 0.000000,966776,
28585IN-0,https://techcomm.kohler.com/techcomm/cad/28585IN.obj,data/3d_catalogue/source/28585IN-0/28585IN.obj,data/3d_catalogue/normalized_glb/28585IN-0.glb,success,valid,21136,39502,5.373100 x 3.823300 x 10.893200,0.136477 x 0.276687 x 0.097112,0.0254,X=-90;Y=0;Z=0 degrees,true,0.000001 x -0.134437 x 0.000000,728580,
28694IN-CP,https://techcomm.kohler.com/techcomm/cad/28694IN.obj,data/3d_catalogue/source/28694IN-CP/28694IN.obj,data/3d_catalogue/normalized_glb/28694IN-CP.glb,success,valid,30330,56497,9.292400 x 3.101400 x 25.086400,0.236027 x 0.637195 x 0.078776,0.0254,X=-90;Y=0;Z=0 degrees,true,0.053020 x 0.090835 x 0.000000,1042848,
28695IN-CP,https://techcomm.kohler.com/techcomm/cad/28695IN.obj,data/3d_catalogue/source/28695IN-CP/28695IN.obj,data/3d_catalogue/normalized_glb/28695IN-CP.glb,success,valid,32301,60218,8.629200 x 3.158400 x 25.490900,0.219182 x 0.647469 x 0.080223,0.0254,X=-90;Y=0;Z=0 degrees,true,0.063830 x 0.085162 x 0.000000,1111144,
28783IN-0,https://techcomm.kohler.com/techcomm/cad/28783IN.obj,data/3d_catalogue/source/28783IN-0/28783IN.obj,data/3d_catalogue/normalized_glb/28783IN-0.glb,success,valid,3612,7220,21.495000 x 15.635600 x 6.827100,0.545973 x 0.173408 x 0.397144,0.0254,X=-90;Y=0;Z=0 degrees,true,-0.000000 x 0.080296 x 0.000000,130864,
28784IN-0,https://techcomm.kohler.com/techcomm/cad/28784IN.obj,data/3d_catalogue/source/28784IN-0/28784IN.obj,data/3d_catalogue/normalized_glb/28784IN-0.glb,success,valid,7375,14746,21.708200 x 15.657600 x 6.817000,0.551388 x 0.173152 x 0.397703,0.0254,X=-90;Y=0;Z=0 degrees,true,-0.000000 x -0.003581 x 0.000000,266352,
2883-0,https://techcomm.kohler.com/techcomm/cad/2883.obj,data/3d_catalogue/source/2883-0/2883.obj,data/3d_catalogue/normalized_glb/2883-0.glb,success,valid,8119,16192,15.948200 x 15.949700 x 7.054500,0.405084 x 0.179184 x 0.405122,0.0254,X=-90;Y=0;Z=0 degrees,true,-0.000000 x 0.089592 x 0.000000,292596,
29024IN-1-0,https://techcomm.kohler.com/techcomm/cad/29024IN-1.obj,data/3d_catalogue/source/29024IN-1-0/29024IN-1.obj,data/3d_catalogue/normalized_glb/29024IN-1-0.glb,success,valid,5013,10018,18.504000 x 18.504000 x 5.452600,0.470002 x 0.138496 x 0.470002,0.0254,X=-90;Y=0;Z=0 degrees,true,-0.000000 x -0.069248 x 0.000000,181248,
29150IN-0,,,,missing_asset,missing_obj,,,,,0.0254,,false,,,No product-linked asset in normalized asset catalogue.
29171IN-S-0,,,,missing_asset,missing_obj,,,,,0.0254,,false,,,No product-linked asset in normalized asset catalogue.
29174IN-S-0,,,,missing_asset,missing_obj,,,,,0.0254,,false,,,No product-linked asset in normalized asset catalogue.
29199IN-4ND-RGD,https://techcomm.kohler.com/techcomm/cad/29199IN-4ND.obj,data/3d_catalogue/source/29199IN-4ND-RGD/29199IN-4ND.obj,data/3d_catalogue/normalized_glb/29199IN-4ND-RGD.glb,success,valid,8276,16255,6.656300 x 8.786900 x 4.611800,0.169070 x 0.117140 x 0.223187,0.0254,X=-90;Y=0;Z=0 degrees,true,0.000004 x 0.023553 x 0.000000,295292,
29199IN-ECH-RGD,https://techcomm.kohler.com/techcomm/cad/29199IN-ECH.obj,data/3d_catalogue/source/29199IN-ECH-RGD/29199IN-ECH.obj,data/3d_catalogue/normalized_glb/29199IN-ECH-RGD.glb,success,valid,8276,16255,6.656300 x 8.786900 x 4.611800,0.169070 x 0.117140 x 0.223187,0.0254,X=-90;Y=0;Z=0 degrees,true,0.000004 x 0.023553 x 0.000000,295292,
29310IN-4ND-AF,https://techcomm.kohler.com/techcomm/cad/29310IN-4ND.obj,data/3d_catalogue/source/29310IN-4ND-AF/29310IN-4ND.obj,data/3d_catalogue/normalized_glb/29310IN-4ND-AF.glb,success,valid,14112,26954,7.677000 x 8.354800 x 3.306800,0.194996 x 0.083993 x 0.212212,0.0254,X=-90;Y=0;Z=0 degrees,true,-0.000000 x -0.000000 x 0.000000,493660,
29777IN-0,https://techcomm.kohler.com/techcomm/cad/29777IN.obj,data/3d_catalogue/source/29777IN-0/29777IN.obj,data/3d_catalogue/normalized_glb/29777IN-0.glb,success,valid,23190,45249,24.504900 x 32.860800 x 35.477000,0.622424 x 0.901116 x 0.834664,0.0254,X=-90;Y=0;Z=0 degrees,true,-0.095696 x -0.450563 x 0.000000,822184,
29959IN-AF,https://techcomm.kohler.com/techcomm/cad/29959IN.obj,data/3d_catalogue/source/29959IN-AF/29959IN.obj,data/3d_catalogue/normalized_glb/29959IN-AF.glb,success,valid,32538,59728,16.732200 x 12.797000 x 0.224400,0.424998 x 0.005700 x 0.325044,0.0254,X=-90;Y=0;Z=0 degrees,true,-0.000000 x 0.002850 x 0.000000,1108080,
29961IN-CP,https://techcomm.kohler.com/techcomm/cad/29961IN.obj,data/3d_catalogue/source/29961IN-CP/29961IN.obj,data/3d_catalogue/normalized_glb/29961IN-CP.glb,success,valid,27384,51820,16.732200 x 12.992200 x 0.255900,0.424998 x 0.006500 x 0.330002,0.0254,X=-90;Y=0;Z=0 degrees,true,-0.000000 x 0.003250 x 0.000000,951344,
30438IN-0,,,,missing_asset,missing_obj,,,,,0.0254,,false,,,No product-linked asset in normalized asset catalogue.
30506IN-1-0,https://techcomm.kohler.com/techcomm/cad/30506IN-1.obj,data/3d_catalogue/source/30506IN-1-0/30506IN-1.obj,data/3d_catalogue/normalized_glb/30506IN-1-0.glb,success,valid,7556,14974,23.621900 x 18.110100 x 6.675600,0.599996 x 0.169560 x 0.459997,0.0254,X=-90;Y=0;Z=0 degrees,true,-0.000029 x 0.008519 x 0.000000,271292,
30520IN-0,https://techcomm.kohler.com/techcomm/cad/30520IN.obj,data/3d_catalogue/source/30520IN-0/30520IN.obj,data/3d_catalogue/normalized_glb/30520IN-0.glb,success,valid,7743,15427,21.695200 x 15.756100 x 7.068600,0.551058 x 0.179542 x 0.400205,0.0254,X=-90;Y=0;Z=0 degrees,true,-0.000000 x -0.080274 x 0.000000,278932,
31343IN-SS-0,https://techcomm.kohler.com/techcomm/cad/31343IN-SS.obj,data/3d_catalogue/source/31343IN-SS-0/31343IN-SS.obj,data/3d_catalogue/normalized_glb/31343IN-SS-0.glb,success,valid,2755,5502,24.778700 x 16.468700 x 4.880200,0.629379 x 0.123957 x 0.418305,0.0254,X=-90;Y=0;Z=0 degrees,true,-0.059259 x -0.061979 x 0.000000,99984,
31347IN-0,https://techcomm.kohler.com/techcomm/cad/31347IN.obj,data/3d_catalogue/source/31347IN-0/31347IN.obj,data/3d_catalogue/normalized_glb/31347IN-0.glb,success,valid,16316,31203,30.586100 x 18.493300 x 6.460200,0.776887 x 0.164089 x 0.469730,0.0254,X=-90;Y=0;Z=0 degrees,true,-0.056994 x -0.022045 x 0.000000,571148,
31458IN-0,https://techcomm.kohler.com/techcomm/cad/31458IN.obj,data/3d_catalogue/source/31458IN-0/31458IN.obj,data/3d_catalogue/normalized_glb/31458IN-0.glb,success,valid,7874,15398,18.971800 x 18.339100 x 8.082100,0.481884 x 0.205285 x 0.465813,0.0254,X=-90;Y=0;Z=0 degrees,true,-0.000000 x -0.038353 x 0.000000,280160,
31459IN-0,https://techcomm.kohler.com/techcomm/cad/31459IN.obj,data/3d_catalogue/source/31459IN-0/31459IN.obj,data/3d_catalogue/normalized_glb/31459IN-0.glb,success,valid,14636,29308,19.009200 x 13.482800 x 5.553700,0.482834 x 0.141064 x 0.342463,0.0254,X=-90;Y=0;Z=0 degrees,true,-0.000000 x -0.070474 x 0.000000,528228,
31460IN-0,https://techcomm.kohler.com/techcomm/cad/31460IN.obj,data/3d_catalogue/source/31460IN-0/31460IN.obj,data/3d_catalogue/normalized_glb/31460IN-0.glb,success,valid,10087,20214,19.045300 x 18.058900 x 6.764700,0.483751 x 0.171823 x 0.458696,0.0254,X=-90;Y=0;Z=0 degrees,true,-0.000001 x -0.055112 x 0.000000,364544,
31461IN-0,https://techcomm.kohler.com/techcomm/cad/31461IN.obj,data/3d_catalogue/source/31461IN-0/31461IN.obj,data/3d_catalogue/normalized_glb/31461IN-0.glb,success,valid,7994,15992,22.399600 x 19.179200 x 6.763800,0.568950 x 0.171801 x 0.487152,0.0254,X=-90;Y=0;Z=0 degrees,true,-0.000000 x -0.055100 x 0.000000,288736,
32410IN-0,,,,missing_asset,missing_obj,,,,,0.0254,,false,,,No product-linked asset in normalized asset catalogue.
33059IN-4ND-CP,https://techcomm.kohler.com/techcomm/cad/33059IN-4ND.obj,data/3d_catalogue/source/33059IN-4ND-CP/33059IN-4ND.obj,data/3d_catalogue/normalized_glb/33059IN-4ND-CP.glb,success,valid,7646,14956,1.968400 x 5.898300 x 6.151600,0.049997 x 0.156251 x 0.149817,0.0254,X=-90;Y=0;Z=0 degrees,true,-0.000000 x -0.078125 x 0.000000,272108,
33063IN-4ND-CP,https://techcomm.kohler.com/techcomm/cad/33063IN-4ND.obj,data/3d_catalogue/source/33063IN-4ND-CP/33063IN-4ND.obj,data/3d_catalogue/normalized_glb/33063IN-4ND-CP.glb,success,valid,7842,15348,1.964700 x 7.331700 x 9.403600,0.049903 x 0.238851 x 0.186225,0.0254,X=-90;Y=0;Z=0 degrees,true,0.000001 x -0.119421 x 0.000000,279208,
33074IN-CP,https://techcomm.kohler.com/techcomm/cad/33074IN.obj,data/3d_catalogue/source/33074IN-CP/33074IN.obj,data/3d_catalogue/normalized_glb/33074IN-CP.glb,success,valid,6022,11734,2.393400 x 7.125300 x 2.393400,0.060792 x 0.060792 x 0.180983,0.0254,X=-90;Y=0;Z=0 degrees,true,-0.000000 x -0.000000 x 0.000000,213932,
33103IN-4ND-CP,https://techcomm.kohler.com/techcomm/cad/33103IN-4ND.obj,data/3d_catalogue/source/33103IN-4ND-CP/33103IN-4ND.obj,data/3d_catalogue/normalized_glb/33103IN-4ND-CP.glb,success,valid,13322,26188,6.376100 x 7.125200 x 3.682100,0.161953 x 0.093525 x 0.180980,0.0254,X=-90;Y=0;Z=0 degrees,true,0.000177 x 0.016377 x 0.000000,475032,
33677IN-0,,,,missing_asset,missing_obj,,,,,0.0254,,false,,,No product-linked asset in normalized asset catalogue.
33995IN-CP,https://techcomm.kohler.com/techcomm/cad/33995IN.obj,data/3d_catalogue/source/33995IN-CP/33995IN.obj,data/3d_catalogue/normalized_glb/33995IN-CP.glb,success,valid,5091,9564,2.393400 x 6.299300 x 2.393400,0.060792 x 0.060792 x 0.160002,0.0254,X=-90;Y=0;Z=0 degrees,true,-0.000000 x -0.000000 x 0.000000,176724,
33996IN-CP,https://techcomm.kohler.com/techcomm/cad/33996IN.obj,data/3d_catalogue/source/33996IN-CP/33996IN.obj,data/3d_catalogue/normalized_glb/33996IN-CP.glb,success,valid,10776,20666,2.393400 x 6.299300 x 2.826400,0.060792 x 0.071791 x 0.160002,0.0254,X=-90;Y=0;Z=0 degrees,true,-0.000000 x 0.003599 x 0.000000,378220,
34039IN-4ND-CP,https://techcomm.kohler.com/techcomm/cad/34039IN-4ND.obj,data/3d_catalogue/source/34039IN-4ND-CP/34039IN-4ND.obj,data/3d_catalogue/normalized_glb/34039IN-4ND-CP.glb,success,valid,8112,15656,7.874000 x 7.021100 x 4.780200,0.200000 x 0.121417 x 0.178336,0.0254,X=-90;Y=0;Z=0 degrees,true,-0.000000 x 0.020709 x 0.000000,286116,
34076IN-4ND-CP,https://techcomm.kohler.com/techcomm/cad/34076IN-4ND.obj,data/3d_catalogue/source/34076IN-4ND-CP/34076IN-4ND.obj,data/3d_catalogue/normalized_glb/34076IN-4ND-CP.glb,success,valid,10872,20944,7.874000 x 7.114200 x 4.487300,0.200000 x 0.113977 x 0.180701,0.0254,X=-90;Y=0;Z=0 degrees,true,-0.000000 x 0.016989 x 0.000000,382696,
34229IN-0,https://techcomm.kohler.com/techcomm/cad/34229IN.obj,data/3d_catalogue/source/34229IN-0/34229IN.obj,data/3d_catalogue/normalized_glb/34229IN-0.glb,success,valid,3934,7770,21.679200 x 18.173900 x 5.118400,0.550652 x 0.130007 x 0.461617,0.0254,X=-90;Y=0;Z=0 degrees,true,-0.000000 x -0.065001 x 0.000000,141340,
34251IN-0,https://techcomm.kohler.com/techcomm/cad/34251IN.obj,data/3d_catalogue/source/34251IN-0/34251IN.obj,data/3d_catalogue/normalized_glb/34251IN-0.glb,success,valid,4194,8344,21.677800 x 18.163100 x 5.118100,0.550616 x 0.130000 x 0.461343,0.0254,X=-90;Y=0;Z=0 degrees,true,-0.000000 x -0.065000 x 0.000000,151356,
38471IN-CP,https://techcomm.kohler.com/techcomm/cad/38471IN.obj,data/3d_catalogue/source/38471IN-CP/38471IN.obj,data/3d_catalogue/normalized_glb/38471IN-CP.glb,success,valid,12902,25024,2.361000 x 7.195400 x 2.903800,0.059969 x 0.073757 x 0.182763,0.0254,X=-90;Y=0;Z=0 degrees,true,-0.000000 x 0.003221 x 0.000000,456012,
38629IN-CP,https://techcomm.kohler.com/techcomm/cad/38629IN.obj,data/3d_catalogue/source/38629IN-CP/38629IN.obj,data/3d_catalogue/normalized_glb/38629IN-CP.glb,success,valid,32904,61776,12.191400 x 12.192400 x 2.697400,0.309662 x 0.068514 x 0.309687,0.0254,X=-90;Y=0;Z=0 degrees,true,-0.000015 x 0.034257 x 0.000000,1137068,
38785IN-0,,,,missing_asset,missing_obj,,,,,0.0254,,false,,,No product-linked asset in normalized asset catalogue.
38973IN-CP,https://techcomm.kohler.com/techcomm/cad/38973IN.obj,data/3d_catalogue/source/38973IN-CP/38973IN.obj,data/3d_catalogue/normalized_glb/38973IN-CP.glb,success,valid,34764,63817,9.998600 x 7.990800 x 6.353500,0.253964 x 0.161379 x 0.202966,0.0254,X=-90;Y=0;Z=0 degrees,true,-0.000000 x 0.080687 x 0.000000,1183876,
39059IN-SHP,https://techcomm.kohler.com/techcomm/cad/39059IN.obj,data/3d_catalogue/source/39059IN-SHP/39059IN.obj,data/3d_catalogue/normalized_glb/39059IN-SHP.glb,success,valid,27438,53892,53.938200 x 5.570800 x 78.740000,1.370030 x 1.999996 x 0.141498,0.0254,X=-90;Y=0;Z=0 degrees,true,-0.000000 x -0.999998 x 0.000000,976856,
39061IN-SHP,https://techcomm.kohler.com/techcomm/cad/39061IN.obj,data/3d_catalogue/source/39061IN-SHP/39061IN.obj,data/3d_catalogue/normalized_glb/39061IN-SHP.glb,success,valid,27312,53640,62.993200 x 5.570800 x 78.740000,1.600027 x 1.999996 x 0.141498,0.0254,X=-90;Y=0;Z=0 degrees,true,-0.000000 x -0.999297 x 0.000000,972324,
39259IN-SHP,https://techcomm.kohler.com/techcomm/cad/39259IN.obj,data/3d_catalogue/source/39259IN-SHP/39259IN.obj,data/3d_catalogue/normalized_glb/39259IN-SHP.glb,success,valid,27312,53640,70.866400 x 5.570800 x 78.740000,1.800007 x 1.999996 x 0.141498,0.0254,X=-90;Y=0;Z=0 degrees,true,-0.000000 x -0.999998 x 0.000000,972316,
39502IN-CP,https://techcomm.kohler.com/techcomm/cad/39502IN.obj,data/3d_catalogue/source/39502IN-CP/39502IN.obj,data/3d_catalogue/normalized_glb/39502IN-CP.glb,success,valid,33060,63702,5.116900 x 2.924800 x 10.445800,0.129969 x 0.265323 x 0.074290,0.0254,X=-90;Y=0;Z=0 degrees,true,0.000017 x -0.129855 x 0.000000,1162068,
39507IN-CP,https://techcomm.kohler.com/techcomm/cad/39507IN.obj,data/3d_catalogue/source/39507IN-CP/39507IN.obj,data/3d_catalogue/normalized_glb/39507IN-CP.glb,success,valid,33596,62884,9.841600 x 9.841600 x 3.039800,0.249977 x 0.077211 x 0.249977,0.0254,X=-90;Y=0;Z=0 degrees,true,-0.000000 x 0.038605 x 0.000000,1158640,
39560IN-ND-CP,https://techcomm.kohler.com/techcomm/cad/39560IN-ND.obj,data/3d_catalogue/source/39560IN-ND-CP/39560IN-ND.obj,data/3d_catalogue/normalized_glb/39560IN-ND-CP.glb,success,valid,7308,13764,2.362200 x 8.162300 x 4.734500,0.060000 x 0.120256 x 0.207322,0.0254,X=-90;Y=0;Z=0 degrees,true,-0.000000 x 0.030128 x 0.000000,253768,
3983IN-S-0,https://techcomm.kohler.com/techcomm/cad/3983IN-S.obj,data/3d_catalogue/source/3983IN-S-0/3983IN-S.obj,data/3d_catalogue/normalized_glb/3983IN-S-0.glb,success,valid,20614,40418,14.434600 x 28.887900 x 28.497100,0.366639 x 0.723826 x 0.733753,0.0254,X=-90;Y=0;Z=0 degrees,true,-0.000000 x -0.361913 x 0.000000,733284,
5373IN-0,https://techcomm.kohler.com/techcomm/cad/5373IN.obj,data/3d_catalogue/source/5373IN-0/5373IN.obj,data/3d_catalogue/normalized_glb/5373IN-0.glb,success,valid,5673,11218,22.835200 x 16.141600 x 6.919500,0.580014 x 0.175755 x 0.409997,0.0254,X=-90;Y=0;Z=0 degrees,true,-0.000000 x 0.007865 x 0.000000,203592,
5401IN-0,https://techcomm.kohler.com/techcomm/cad/5401IN.obj,data/3d_catalogue/source/5401IN-0/5401IN.obj,data/3d_catalogue/normalized_glb/5401IN-0.glb,success,valid,30334,58535,33.659100 x 40.877400 x 38.744700,0.854941 x 0.984115 x 1.038286,0.0254,X=-90;Y=0;Z=0 degrees,true,-0.182434 x -0.492058 x 0.000000,1067336,
5583IN-1WH-0,https://techcomm.kohler.com/techcomm/cad/5583IN-1WH.obj,data/3d_catalogue/source/5583IN-1WH-0/5583IN-1WH.obj,data/3d_catalogue/normalized_glb/5583IN-1WH-0.glb,success,valid,13835,27410,17.643200 x 16.232500 x 7.112600,0.448137 x 0.180660 x 0.412306,0.0254,X=-90;Y=0;Z=0 degrees,true,-0.000000 x -0.043437 x 0.000000,495844,
5680IN-4ND-CP,https://techcomm.kohler.com/techcomm/cad/5680IN-4ND.obj,data/3d_catalogue/source/5680IN-4ND-CP/5680IN-4ND.obj,data/3d_catalogue/normalized_glb/5680IN-4ND-CP.glb,success,valid,13012,24758,7.874000 x 6.873200 x 5.704700,0.200000 x 0.144899 x 0.174579,0.0254,X=-90;Y=0;Z=0 degrees,true,-0.000000 x 0.032450 x 0.000000,454132,
5683IN-4ND-CP,https://techcomm.kohler.com/techcomm/cad/5683IN-4ND.obj,data/3d_catalogue/source/5683IN-4ND-CP/5683IN-4ND.obj,data/3d_catalogue/normalized_glb/5683IN-4ND-CP.glb,success,valid,11988,23391,7.874000 x 7.063500 x 5.223700,0.200000 x 0.132682 x 0.179413,0.0254,X=-90;Y=0;Z=0 degrees,true,-0.000000 x 0.026341 x 0.000000,425440,
5684IN-4ND-CP,https://techcomm.kohler.com/techcomm/cad/5684IN-4ND.obj,data/3d_catalogue/source/5684IN-4ND-CP/5684IN-4ND.obj,data/3d_catalogue/normalized_glb/5684IN-4ND-CP.glb,success,valid,10759,20930,7.874000 x 7.063500 x 5.440000,0.200000 x 0.138176 x 0.179413,0.0254,X=-90;Y=0;Z=0 degrees,true,-0.000000 x 0.029088 x 0.000000,381188,
6098IN-S-K4,,,,missing_asset,missing_obj,,,,,0.0254,,false,,,No product-linked asset in normalized asset catalogue.
6098IN-SR-0,,,,missing_asset,missing_obj,,,,,0.0254,,false,,,No product-linked asset in normalized asset catalogue.
6321IN-SS-0,,,,missing_asset,missing_obj,,,,,0.0254,,false,,,No product-linked asset in normalized asset catalogue.
702650IN-LH0-BL,https://techcomm.kohler.com/techcomm/cad/702650IN-LH0.obj,data/3d_catalogue/source/702650IN-LH0-BL/702650IN-LH0.obj,data/3d_catalogue/normalized_glb/702650IN-LH0-BL.glb,success,valid,16481,31886,66.850400 x 4.803200 x 86.653500,1.698000 x 2.200999 x 0.122001,0.0254,X=-90;Y=0;Z=0 degrees,true,-0.000000 x -1.100499 x 0.000000,581296,
704698IN-SHP,https://techcomm.kohler.com/techcomm/cad/704698IN.obj,data/3d_catalogue/source/704698IN-SHP/704698IN.obj,data/3d_catalogue/normalized_glb/704698IN-SHP.glb,success,valid,19928,39262,46.759200 x 5.401600 x 78.791100,1.187684 x 2.001294 x 0.137201,0.0254,X=-90;Y=0;Z=0 degrees,true,-0.000000 x -1.000644 x 0.000000,711188,
704699IN-SHP,https://techcomm.kohler.com/techcomm/cad/704699IN.obj,data/3d_catalogue/source/704699IN-SHP/704699IN.obj,data/3d_catalogue/normalized_glb/704699IN-SHP.glb,success,valid,25786,50312,72.577000 x 5.236200 x 85.090200,1.843456 x 2.161291 x 0.132999,0.0254,X=-90;Y=0;Z=0 degrees,true,-0.000000 x -1.080646 x 0.000000,914064,
704702IN-SHP,https://techcomm.kohler.com/techcomm/cad/704702IN.obj,data/3d_catalogue/source/704702IN-SHP/704702IN.obj,data/3d_catalogue/normalized_glb/704702IN-SHP.glb,success,valid,31821,62072,76.587100 x 52.045500 x 81.172900,1.945312 x 2.061792 x 1.321956,0.0254,X=-90;Y=0;Z=0 degrees,true,0.087502 x -1.030896 x 0.000000,1127612,
704796IN-2BL,https://techcomm.kohler.com/techcomm/cad/704796IN.obj,data/3d_catalogue/source/704796IN-2BL/704796IN.obj,data/3d_catalogue/normalized_glb/704796IN-2BL.glb,success,valid,13086,25450,71.379100 x 5.283400 x 81.154100,1.813029 x 2.061314 x 0.134198,0.0254,X=-90;Y=0;Z=0 degrees,true,0.005886 x -1.030657 x 0.000000,463336,
705115IN-SHP,https://techcomm.kohler.com/techcomm/cad/705115IN.obj,data/3d_catalogue/source/705115IN-SHP/705115IN.obj,data/3d_catalogue/normalized_glb/705115IN-SHP.glb,success,valid,16653,32604,56.082800 x 3.171000 x 80.787400,1.424503 x 2.052000 x 0.080543,0.0254,X=-90;Y=0;Z=0 degrees,true,-0.018250 x -1.026000 x 0.000000,591992,
705116IN-SHP,https://techcomm.kohler.com/techcomm/cad/705116IN.obj,data/3d_catalogue/source/705116IN-SHP/705116IN.obj,data/3d_catalogue/normalized_glb/705116IN-SHP.glb,success,valid,16625,32616,67.106400 x 3.171000 x 82.677200,1.704503 x 2.100001 x 0.080543,0.0254,X=-90;Y=0;Z=0 degrees,true,-0.000000 x -1.050000 x 0.000000,591780,
708065IN-CP,https://techcomm.kohler.com/techcomm/cad/708065IN.obj,data/3d_catalogue/source/708065IN-CP/708065IN.obj,data/3d_catalogue/normalized_glb/708065IN-CP.glb,success,valid,25644,50340,55.333800 x 4.644300 x 79.252000,1.405479 x 2.013001 x 0.117965,0.0254,X=-90;Y=0;Z=0 degrees,true,-0.000000 x -0.993501 x 0.000000,912712,
708066IN-CP,https://techcomm.kohler.com/techcomm/cad/708066IN.obj,data/3d_catalogue/source/708066IN-CP/708066IN.obj,data/3d_catalogue/normalized_glb/708066IN-CP.glb,success,valid,24946,47846,94.663800 x 4.702700 x 83.503900,2.404461 x 2.120999 x 0.119449,0.0254,X=-90;Y=0;Z=0 degrees,true,-0.000000 x -1.060500 x 0.000000,874392,
708067IN-CP,https://techcomm.kohler.com/techcomm/cad/708067IN.obj,data/3d_catalogue/source/708067IN-CP/708067IN.obj,data/3d_catalogue/normalized_glb/708067IN-CP.glb,success,valid,21479,41418,48.149700 x 45.371100 x 79.588600,1.223002 x 2.021550 x 1.152426,0.0254,X=-90;Y=0;Z=0 degrees,true,0.008614 x -1.010775 x 0.000000,755660,
709075IN-CP,https://techcomm.kohler.com/techcomm/cad/709075IN.obj,data/3d_catalogue/source/709075IN-CP/709075IN.obj,data/3d_catalogue/normalized_glb/709075IN-CP.glb,success,valid,16738,32648,50.393800 x 3.567000 x 78.830700,1.280003 x 2.002300 x 0.090602,0.0254,X=-90;Y=0;Z=0 degrees,true,-0.000000 x -1.001147 x 0.000000,593544,
709076IN-CP,https://techcomm.kohler.com/techcomm/cad/709076IN.obj,data/3d_catalogue/source/709076IN-CP/709076IN.obj,data/3d_catalogue/normalized_glb/709076IN-CP.glb,success,valid,16738,32648,62.992200 x 3.567000 x 78.830700,1.600002 x 2.002300 x 0.090602,0.0254,X=-90;Y=0;Z=0 degrees,true,-0.000000 x -1.001150 x 0.000000,593528,
72288IN-4-CP,https://techcomm.kohler.com/techcomm/cad/72288IN-4.obj,data/3d_catalogue/source/72288IN-4-CP/72288IN-4.obj,data/3d_catalogue/normalized_glb/72288IN-4-CP.glb,success,valid,9735,18578,1.775800 x 5.385900 x 5.702700,0.045105 x 0.144849 x 0.136802,0.0254,X=-90;Y=0;Z=0 degrees,true,-0.000000 x -0.072424 x 0.000000,340636,
72421IN-CP,https://techcomm.kohler.com/techcomm/cad/72421IN.obj,data/3d_catalogue/source/72421IN-CP/72421IN.obj,data/3d_catalogue/normalized_glb/72421IN-CP.glb,success,valid,36084,63494,4.585100 x 3.743600 x 57.554400,0.116462 x 1.461882 x 0.095087,0.0254,X=-90;Y=0;Z=0 degrees,true,-0.000022 x -0.730941 x 0.000000,1195848,
72425IN-CP,https://techcomm.kohler.com/techcomm/cad/72425IN.obj,data/3d_catalogue/source/72425IN-CP/72425IN.obj,data/3d_catalogue/normalized_glb/72425IN-CP.glb,success,valid,19660,36850,4.597200 x 8.164000 x 6.512000,0.116769 x 0.165405 x 0.207366,0.0254,X=-90;Y=0;Z=0 degrees,true,-0.000000 x 0.050703 x 0.000000,679004,
72438IN-AF,,,,missing_asset,missing_obj,,,,,0.0254,,false,,,No product-linked asset in normalized asset catalogue.
72758T-CP,https://techcomm.kohler.com/techcomm/cad/72758T.obj,data/3d_catalogue/source/72758T-CP/72758T.obj,data/3d_catalogue/normalized_glb/72758T-CP.glb,success,valid,14853,29073,3.113400 x 7.255100 x 4.691700,0.079080 x 0.119169 x 0.184280,0.0254,X=-90;Y=0;Z=0 degrees,true,-0.000000 x -0.059585 x 0.000000,527988,
72759T-CP,https://techcomm.kohler.com/techcomm/cad/72759T.obj,data/3d_catalogue/source/72759T-CP/72759T.obj,data/3d_catalogue/normalized_glb/72759T-CP.glb,success,valid,9226,17505,2.700000 x 7.419300 x 4.674500,0.068580 x 0.118732 x 0.188450,0.0254,X=-90;Y=0;Z=0 degrees,true,-0.000000 x -0.059356 x 0.000000,321672,
72760T-CP,https://techcomm.kohler.com/techcomm/cad/72760T.obj,data/3d_catalogue/source/72760T-CP/72760T.obj,data/3d_catalogue/normalized_glb/72760T-CP.glb,success,valid,15554,30420,2.700000 x 8.965300 x 8.533600,0.068580 x 0.216753 x 0.227719,0.0254,X=-90;Y=0;Z=0 degrees,true,-0.000000 x -0.108377 x 0.000000,552572,
72762T-9M-CP,https://techcomm.kohler.com/techcomm/cad/72762T-9M.obj,data/3d_catalogue/source/72762T-9M-CP/72762T-9M.obj,data/3d_catalogue/normalized_glb/72762T-9M-CP.glb,success,valid,14988,29066,4.332900 x 7.482300 x 6.944600,0.110056 x 0.176393 x 0.190050,0.0254,X=-90;Y=0;Z=0 degrees,true,-0.020738 x -0.088196 x 0.000000,529536,
72791-CP,https://techcomm.kohler.com/techcomm/cad/72791.obj,data/3d_catalogue/source/72791-CP/72791.obj,data/3d_catalogue/normalized_glb/72791-CP.glb,success,valid,12580,6288,2.997777 x 8.717082 x 2.997778,0.076144 x 0.076144 x 0.221414,0.0254,X=-90;Y=0;Z=0 degrees,true,-0.000000 x 0.000000 x 0.000000,479816,
72830IN-L-CP,https://techcomm.kohler.com/techcomm/cad/72830IN-L.obj,data/3d_catalogue/source/72830IN-L-CP/72830IN-L.obj,data/3d_catalogue/normalized_glb/72830IN-L-CP.glb,success,valid,31397,54955,12.401600 x 21.641700 x 2.756000,0.315001 x 0.070002 x 0.549699,0.0254,X=-90;Y=0;Z=0 degrees,true,-0.000000 x -0.000000 x 0.000000,1037092,
72907K-1-0,https://techcomm.kohler.com/techcomm/cad/72907K-1.obj,data/3d_catalogue/source/72907K-1-0/72907K-1.obj,data/3d_catalogue/normalized_glb/72907K-1-0.glb,success,valid,5702,11396,21.137400 x 18.307100 x 6.330800,0.536890 x 0.160802 x 0.465000,0.0254,X=-90;Y=0;Z=0 degrees,true,-0.000000 x -0.055585 x 0.000000,206076,
72987IN-SR-0,,,,missing_asset,missing_obj,,,,,0.0254,,false,,,No product-linked asset in normalized asset catalogue.
73037IN-CL-CP,https://techcomm.kohler.com/techcomm/cad/73037IN-CL.obj,data/3d_catalogue/source/73037IN-CL-CP/73037IN-CL.obj,data/3d_catalogue/normalized_glb/73037IN-CL-CP.glb,success,valid,14846,25006,8.000000 x 2.404600 x 8.000000,0.203200 x 0.203200 x 0.061077,0.0254,X=-90;Y=0;Z=0 degrees,true,-0.000000 x -0.000000 x 0.000000,776768,
73038IN-CL-CP,https://techcomm.kohler.com/techcomm/cad/73038IN-CL.obj,data/3d_catalogue/source/73038IN-CL-CP/73038IN-CL.obj,data/3d_catalogue/normalized_glb/73038IN-CL-CP.glb,success,valid,11336,19400,8.000000 x 8.000000 x 2.413400,0.203200 x 0.061300 x 0.203200,0.0254,X=-90;Y=0;Z=0 degrees,true,-0.000000 x 0.030650 x 0.000000,369660,
73039IN-CL-CP,https://techcomm.kohler.com/techcomm/cad/73039IN-CL.obj,data/3d_catalogue/source/73039IN-CL-CP/73039IN-CL.obj,data/3d_catalogue/normalized_glb/73039IN-CL-CP.glb,success,valid,15646,26014,10.000000 x 2.404600 x 10.000000,0.254000 x 0.254000 x 0.061077,0.0254,X=-90;Y=0;Z=0 degrees,true,-0.000000 x -0.000000 x 0.000000,814436,
73040IN-CL-CP,https://techcomm.kohler.com/techcomm/cad/73040IN-CL.obj,data/3d_catalogue/source/73040IN-CL-CP/73040IN-CL.obj,data/3d_catalogue/normalized_glb/73040IN-CL-CP.glb,success,valid,16889,28914,10.000000 x 10.000000 x 2.409800,0.254000 x 0.061209 x 0.254000,0.0254,X=-90;Y=0;Z=0 degrees,true,-0.000000 x 0.030599 x 0.000000,550476,
73060T-9GCH-TT,https://techcomm.kohler.com/techcomm/cad/73060T-9GCH.obj,data/3d_catalogue/source/73060T-9GCH-TT/73060T-9GCH.obj,data/3d_catalogue/normalized_glb/73060T-9GCH-TT.glb,success,valid,7047,13619,13.700800 x 8.267100 x 4.560700,0.348000 x 0.115842 x 0.209984,0.0254,X=-90;Y=0;Z=0 degrees,true,-0.000000 x -0.057921 x 0.000000,248884,
73061IN-4ND-CP,https://techcomm.kohler.com/techcomm/cad/73061IN-4ND.obj,data/3d_catalogue/source/73061IN-4ND-CP/73061IN-4ND.obj,data/3d_catalogue/normalized_glb/73061IN-4ND-CP.glb,success,valid,8264,15666,9.055200 x 7.425400 x 3.287400,0.230002 x 0.083500 x 0.188605,0.0254,X=-90;Y=0;Z=0 degrees,true,-0.000000 x -0.000000 x 0.000000,288028,
73061T-7-BV,https://techcomm.kohler.com/techcomm/cad/73061T-7.obj,data/3d_catalogue/source/73061T-7-BV/73061T-7.obj,data/3d_catalogue/normalized_glb/73061T-7-BV.glb,success,valid,10262,19478,9.055200 x 7.425400 x 3.287400,0.230002 x 0.083500 x 0.188605,0.0254,X=-90;Y=0;Z=0 degrees,true,-0.000000 x -0.000000 x 0.000000,357744,
73067T-9ACH-BV,https://techcomm.kohler.com/techcomm/cad/73067T-9ACH.obj,data/3d_catalogue/source/73067T-9ACH-BV/73067T-9ACH.obj,data/3d_catalogue/normalized_glb/73067T-9ACH-BV.glb,success,valid,7743,15083,9.763800 x 9.187300 x 1.968600,0.248001 x 0.050002 x 0.233357,0.0254,X=-90;Y=0;Z=0 degrees,true,-0.000000 x -0.000000 x 0.000000,274780,
73120-2MB,https://techcomm.kohler.com/techcomm/cad/73120.obj,data/3d_catalogue/source/73120-2MB/73120.obj,data/3d_catalogue/normalized_glb/73120-2MB.glb,success,valid,7239,13539,2.507000 x 8.054900 x 2.507000,0.063678 x 0.063678 x 0.204594,0.0254,X=-90;Y=0;Z=0 degrees,true,-0.000000 x -0.000000 x 0.000000,250188,
73158T-4-RGD,https://techcomm.kohler.com/techcomm/cad/73158T-4.obj,data/3d_catalogue/source/73158T-4-RGD/73158T-4.obj,data/3d_catalogue/normalized_glb/73158T-4-RGD.glb,success,valid,10975,21356,2.008100 x 8.375900 x 7.659100,0.051006 x 0.194541 x 0.212748,0.0254,X=-90;Y=0;Z=0 degrees,true,-0.000004 x -0.094278 x 0.000000,388896,
73159IN-7-CP,https://techcomm.kohler.com/techcomm/cad/73159IN-7.obj,data/3d_catalogue/source/73159IN-7-CP/73159IN-7.obj,data/3d_catalogue/normalized_glb/73159IN-7-CP.glb,success,valid,7387,14581,3.793900 x 9.627000 x 8.747700,0.096365 x 0.222192 x 0.244526,0.0254,X=-90;Y=0;Z=0 degrees,true,-0.022683 x -0.111096 x 0.000000,264532,
73198IN-CP,https://techcomm.kohler.com/techcomm/cad/73198IN.obj,data/3d_catalogue/source/73198IN-CP/73198IN.obj,data/3d_catalogue/normalized_glb/73198IN-CP.glb,success,valid,14869,27066,7.989500 x 7.989600 x 2.454700,0.202933 x 0.062349 x 0.202936,0.0254,X=-90;Y=0;Z=0 degrees,true,0.000001 x 0.031022 x 0.000000,504132,
73199IN-CP,https://techcomm.kohler.com/techcomm/cad/73199IN.obj,data/3d_catalogue/source/73199IN-CP/73199IN.obj,data/3d_catalogue/normalized_glb/73199IN-CP.glb,success,valid,14085,25512,7.874000 x 7.874000 x 2.492100,0.200000 x 0.063299 x 0.200000,0.0254,X=-90;Y=0;Z=0 degrees,true,-0.000000 x 0.031650 x 0.000000,476060,
74028IN-4-CP,https://techcomm.kohler.com/techcomm/cad/74028IN-4.obj,data/3d_catalogue/source/74028IN-4-CP/74028IN-4.obj,data/3d_catalogue/normalized_glb/74028IN-4-CP.glb,success,valid,8251,16250,1.775500 x 5.405900 x 6.273200,0.045098 x 0.159339 x 0.137310,0.0254,X=-90;Y=0;Z=0 degrees,true,-0.000004 x -0.079670 x 0.000000,294912,
74046IN-A1-CP,,,,non_obj_assets,non_obj_assets,,,,,0.0254,,false,,,"Product has linked assets, but none are OBJ files."
75374IN-1-0,https://techcomm.kohler.com/techcomm/cad/75374IN-1.obj,data/3d_catalogue/source/75374IN-1-0/75374IN-1.obj,data/3d_catalogue/normalized_glb/75374IN-1-0.glb,success,valid,7803,15310,16.259600 x 18.109200 x 7.019500,0.412994 x 0.178295 x 0.459974,0.0254,X=-90;Y=0;Z=0 degrees,true,-0.000000 x 0.007172 x 0.000000,278252,
75375IN-0,https://techcomm.kohler.com/techcomm/cad/75375IN.obj,data/3d_catalogue/source/75375IN-0/75375IN.obj,data/3d_catalogue/normalized_glb/75375IN-0.glb,success,valid,8114,16260,35.036500 x 15.636000 x 5.473500,0.889927 x 0.139027 x 0.397154,0.0254,X=-90;Y=0;Z=0 degrees,true,-0.000006 x -0.069513 x 0.000000,293388,
75708IN-2SS-0,,,,missing_asset,missing_obj,,,,,0.0254,,false,,,No product-linked asset in normalized asset catalogue.
75708IN-DGS,,,,missing_asset,missing_obj,,,,,0.0254,,false,,,No product-linked asset in normalized asset catalogue.
75708IN-SS-0,,,,missing_asset,missing_obj,,,,,0.0254,,false,,,No product-linked asset in normalized asset catalogue.
75924IN-CP,https://techcomm.kohler.com/techcomm/cad/75924IN.obj,data/3d_catalogue/source/75924IN-CP/75924IN.obj,data/3d_catalogue/normalized_glb/75924IN-CP.glb,success,valid,16988,31955,4.803800 x 3.748500 x 4.159600,0.122017 x 0.105654 x 0.095212,0.0254,X=-90;Y=0;Z=0 degrees,true,-0.000000 x 0.044905 x 0.000000,588212,
76442IN-NW-0,https://techcomm.kohler.com/techcomm/cad/76442IN-NW.obj,data/3d_catalogue/source/76442IN-NW-0/76442IN-NW.obj,data/3d_catalogue/normalized_glb/76442IN-NW-0.glb,success,valid,29809,57161,66.929200 x 31.496000 x 20.788800,1.700002 x 0.528036 x 0.799998,0.0254,X=-90;Y=0;Z=0 degrees,true,-0.531746 x 0.193091 x 0.000000,1044556,
76465IN-BL,https://techcomm.kohler.com/techcomm/cad/76465IN.obj,data/3d_catalogue/source/76465IN-BL/76465IN.obj,data/3d_catalogue/normalized_glb/76465IN-BL.glb,success,valid,27574,51008,9.842100 x 9.841400 x 2.025300,0.249989 x 0.051443 x 0.249972,0.0254,X=-90;Y=0;Z=0 degrees,true,0.000022 x 0.025721 x 0.000000,943876,
76600IN-0,https://techcomm.kohler.com/techcomm/cad/76600IN.obj,data/3d_catalogue/source/76600IN-0/76600IN.obj,data/3d_catalogue/normalized_glb/76600IN-0.glb,success,valid,13496,26650,22.383800 x 17.254000 x 5.118600,0.568549 x 0.130012 x 0.438252,0.0254,X=-90;Y=0;Z=0 degrees,true,-0.000000 x -0.065006 x 0.000000,482636,
77276IN-L-CP,https://techcomm.kohler.com/techcomm/cad/77276IN-L.obj,data/3d_catalogue/source/77276IN-L-CP/77276IN-L.obj,data/3d_catalogue/normalized_glb/77276IN-L-CP.glb,success,valid,35986,62690,31.496100 x 23.622000 x 1.802300,0.800001 x 0.045778 x 0.599999,0.0254,X=-90;Y=0;Z=0 degrees,true,0.000093 x 0.012694 x 0.000000,1185040,
77958T-4A-CP,https://techcomm.kohler.com/techcomm/cad/77958T-4A.obj,data/3d_catalogue/source/77958T-4A-CP/77958T-4A.obj,data/3d_catalogue/normalized_glb/77958T-4A-CP.glb,success,valid,16813,32710,2.328000 x 6.797100 x 7.007100,0.059131 x 0.177980 x 0.172646,0.0254,X=-90;Y=0;Z=0 degrees,true,-0.005565 x -0.088990 x 0.000000,595196,
77963-8A-BL,https://techcomm.kohler.com/techcomm/cad/77963-8A.obj,data/3d_catalogue/source/77963-8A-BL/77963-8A.obj,data/3d_catalogue/normalized_glb/77963-8A-BL.glb,success,valid,2264,4282,2.366200 x 1.242600 x 2.366200,0.060101 x 0.060101 x 0.031562,0.0254,X=-90;Y=0;Z=0 degrees,true,-0.000000 x -0.000000 x 0.000000,125516,
7799IN-FDL-0,https://techcomm.kohler.com/techcomm/cad/7799IN-FDL.obj,data/3d_catalogue/source/7799IN-FDL-0/7799IN-FDL.obj,data/3d_catalogue/normalized_glb/7799IN-FDL-0.glb,success,valid,10024,20036,20.989800 x 14.500600 x 6.190000,0.533141 x 0.157226 x 0.368315,0.0254,X=-90;Y=0;Z=0 degrees,true,-0.000000 x 0.078610 x 0.000000,361624,
8331T-0,https://techcomm.kohler.com/techcomm/cad/8331T.obj,data/3d_catalogue/source/8331T-0/8331T.obj,data/3d_catalogue/normalized_glb/8331T-0.glb,success,valid,10757,21420,63.955800 x 40.733200 x 24.376300,1.624477 x 0.619158 x 1.034623,0.0254,X=-90;Y=0;Z=0 degrees,true,0.423553 x -0.309541 x 0.000000,387040,
8670IN-4M-CP,https://techcomm.kohler.com/techcomm/cad/8670IN-4M.obj,data/3d_catalogue/source/8670IN-4M-CP/8670IN-4M.obj,data/3d_catalogue/normalized_glb/8670IN-4M-CP.glb,success,valid,23336,45206,14.464600 x 6.550700 x 6.858100,0.367401 x 0.174196 x 0.166388,0.0254,X=-90;Y=0;Z=0 degrees,true,-0.000000 x -0.087098 x 0.000000,823376,
8670T-4M-AF,https://techcomm.kohler.com/techcomm/cad/8670T-4M.obj,data/3d_catalogue/source/8670T-4M-AF/8670T-4M.obj,data/3d_catalogue/normalized_glb/8670T-4M-AF.glb,success,valid,23336,45206,14.464600 x 6.550700 x 6.858100,0.367401 x 0.174196 x 0.166388,0.0254,X=-90;Y=0;Z=0 degrees,true,-0.000000 x -0.087098 x 0.000000,823376,
8688T-S-0,https://techcomm.kohler.com/techcomm/cad/8688T-S.obj,data/3d_catalogue/source/8688T-S-0/8688T-S.obj,data/3d_catalogue/normalized_glb/8688T-S-0.glb,success,valid,15564,30669,20.504600 x 28.993400 x 24.410400,0.520817 x 0.620024 x 0.736432,0.0254,X=-90;Y=0;Z=0 degrees,true,-0.000000 x -0.310012 x 0.000000,555680,
90011T-0,https://techcomm.kohler.com/techcomm/cad/90011T.obj,data/3d_catalogue/source/90011T-0/90011T.obj,data/3d_catalogue/normalized_glb/90011T-0.glb,success,valid,4977,9946,15.351800 x 15.351800 x 6.004000,0.389936 x 0.152502 x 0.389936,0.0254,X=-90;Y=0;Z=0 degrees,true,-0.000000 x -0.043751 x 0.000000,179960,
9301IN-CL-CP,https://techcomm.kohler.com/techcomm/cad/9301IN-CL.obj,data/3d_catalogue/source/9301IN-CL-CP/9301IN-CL.obj,data/3d_catalogue/normalized_glb/9301IN-CL-CP.glb,success,valid,13353,24248,15.118200 x 15.118200 x 2.441100,0.384002 x 0.062004 x 0.384002,0.0254,X=-90;Y=0;Z=0 degrees,true,-0.000000 x 0.031002 x 0.000000,452100,
9301IN-ZX-RGD,https://techcomm.kohler.com/techcomm/cad/9301IN-ZX.obj,data/3d_catalogue/source/9301IN-ZX-RGD/9301IN-ZX.obj,data/3d_catalogue/normalized_glb/9301IN-ZX-RGD.glb,success,valid,13353,24248,15.118200 x 15.118200 x 2.441100,0.384002 x 0.062004 x 0.384002,0.0254,X=-90;Y=0;Z=0 degrees,true,-0.000000 x 0.031002 x 0.000000,452100,
9302IN-CL-CP,https://techcomm.kohler.com/techcomm/cad/9302IN-CL.obj,data/3d_catalogue/source/9302IN-CL-CP/9302IN-CL.obj,data/3d_catalogue/normalized_glb/9302IN-CL-CP.glb,success,valid,17290,30526,13.149600 x 13.149600 x 2.449700,0.334000 x 0.062222 x 0.334000,0.0254,X=-90;Y=0;Z=0 degrees,true,-0.000000 x 0.031111 x 0.000000,574676,
97009IN-CP,https://techcomm.kohler.com/techcomm/cad/97009IN.obj,data/3d_catalogue/source/97009IN-CP/97009IN.obj,data/3d_catalogue/normalized_glb/97009IN-CP.glb,success,valid,17764,32394,5.113900 x 2.676200 x 10.059600,0.129893 x 0.255514 x 0.067975,0.0254,X=-90;Y=0;Z=0 degrees,true,-0.000001 x -0.127757 x 0.000000,602804,
97009T-AF,https://techcomm.kohler.com/techcomm/cad/97009T.obj,data/3d_catalogue/source/97009T-AF/97009T.obj,data/3d_catalogue/normalized_glb/97009T-AF.glb,success,valid,17764,32394,5.113900 x 2.676200 x 10.059600,0.129893 x 0.255514 x 0.067975,0.0254,X=-90;Y=0;Z=0 degrees,true,-0.000001 x -0.127757 x 0.000000,602804,
97167IN-CP,https://techcomm.kohler.com/techcomm/cad/97167IN.obj,data/3d_catalogue/source/97167IN-CP/97167IN.obj,data/3d_catalogue/normalized_glb/97167IN-CP.glb,success,valid,15593,27956,19.685000 x 19.685000 x 0.511800,0.499999 x 0.013000 x 0.499999,0.0254,X=-90;Y=0;Z=0 degrees,true,-0.005519 x 0.006500 x 0.000000,523500,
97168IN-BL,https://techcomm.kohler.com/techcomm/cad/97168IN.obj,data/3d_catalogue/source/97168IN-BL/97168IN.obj,data/3d_catalogue/normalized_glb/97168IN-BL.glb,success,valid,28068,56528,31.496000 x 23.622000 x 2.696800,0.799998 x 0.068499 x 0.599999,0.0254,X=-90;Y=0;Z=0 degrees,true,-0.000000 x -0.019751 x 0.000000,1016068,
97347-4-BL,https://techcomm.kohler.com/techcomm/cad/97347-4.obj,data/3d_catalogue/source/97347-4-BL/97347-4.obj,data/3d_catalogue/normalized_glb/97347-4-BL.glb,success,valid,7117,13824,2.007800 x 7.803900 x 9.964300,0.050998 x 0.253093 x 0.198219,0.0254,X=-90;Y=0;Z=0 degrees,true,-0.000005 x -0.126544 x 0.000000,252220,
97347IN-4-CP,https://techcomm.kohler.com/techcomm/cad/97347IN-4.obj,data/3d_catalogue/source/97347IN-4-CP/97347IN-4.obj,data/3d_catalogue/normalized_glb/97347IN-4-CP.glb,success,valid,6763,13114,2.007800 x 7.803800 x 9.947900,0.050998 x 0.252677 x 0.198217,0.0254,X=-90;Y=0;Z=0 degrees,true,-0.000000 x -0.126338 x 0.000000,239400,
97347T-4-RGD,https://techcomm.kohler.com/techcomm/cad/97347T-4.obj,data/3d_catalogue/source/97347T-4-RGD/97347T-4.obj,data/3d_catalogue/normalized_glb/97347T-4-RGD.glb,success,valid,6763,13114,2.007800 x 7.803800 x 9.947900,0.050998 x 0.252677 x 0.198217,0.0254,X=-90;Y=0;Z=0 degrees,true,-0.000000 x -0.126338 x 0.000000,239400,
97358IN-4ND-CP,https://techcomm.kohler.com/techcomm/cad/97358IN-4ND.obj,data/3d_catalogue/source/97358IN-4ND-CP/97358IN-4ND.obj,data/3d_catalogue/normalized_glb/97358IN-4ND-CP.glb,success,valid,9246,17775,6.283400 x 9.316800 x 3.895700,0.159598 x 0.098951 x 0.236647,0.0254,X=-90;Y=0;Z=0 degrees,true,-0.000000 x 0.020476 x 0.000000,325156,
97367T-B4-CP,https://techcomm.kohler.com/techcomm/cad/97367T-B4.obj,data/3d_catalogue/source/97367T-B4-CP/97367T-B4.obj,data/3d_catalogue/normalized_glb/97367T-B4-CP.glb,success,valid,16373,31179,6.058700 x 12.752400 x 36.598100,0.153891 x 0.929592 x 0.323911,0.0254,X=-90;Y=0;Z=0 degrees,true,0.016946 x -0.464796 x 0.000000,571532,
97904T-NA,https://techcomm.kohler.com/techcomm/cad/97904T.obj,data/3d_catalogue/source/97904T-NA/97904T.obj,data/3d_catalogue/normalized_glb/97904T-NA.glb,success,valid,6417,12001,3.818800 x 3.543400 x 2.460600,0.096998 x 0.062499 x 0.090002,0.0254,X=-90;Y=0;Z=0 degrees,true,-0.000000 x -0.031250 x 0.000000,221888,
97905T-NA,https://techcomm.kohler.com/techcomm/cad/97905T.obj,data/3d_catalogue/source/97905T-NA/97905T.obj,data/3d_catalogue/normalized_glb/97905T-NA.glb,success,valid,4145,7892,3.622000 x 3.622000 x 1.574800,0.091999 x 0.040000 x 0.091999,0.0254,X=-90;Y=0;Z=0 degrees,true,-0.000000 x -0.020000 x 0.000000,145328,
98068T-3M-CP,https://techcomm.kohler.com/techcomm/cad/98068T-3M.obj,data/3d_catalogue/source/98068T-3M-CP/98068T-3M.obj,data/3d_catalogue/normalized_glb/98068T-3M-CP.glb,success,valid,16230,32428,18.707400 x 2.999800 x 3.601900,0.475168 x 0.091488 x 0.076195,0.0254,X=-90;Y=0;Z=0 degrees,true,-0.000000 x -0.045744 x 0.000000,584784,
98068T-9M-CP,https://techcomm.kohler.com/techcomm/cad/98068T-9M.obj,data/3d_catalogue/source/98068T-9M-CP/98068T-9M.obj,data/3d_catalogue/normalized_glb/98068T-9M-CP.glb,success,valid,32260,63948,20.066800 x 2.250200 x 4.185800,0.509697 x 0.106319 x 0.057155,0.0254,X=-90;Y=0;Z=0 degrees,true,-0.000000 x -0.053160 x 0.000000,1155388,
98275IN-CL-CP,https://techcomm.kohler.com/techcomm/cad/98275IN-CL.obj,data/3d_catalogue/source/98275IN-CL-CP/98275IN-CL.obj,data/3d_catalogue/normalized_glb/98275IN-CL-CP.glb,success,valid,16558,27688,16.929200 x 16.929200 x 1.169300,0.430002 x 0.029700 x 0.430002,0.0254,X=-90;Y=0;Z=0 degrees,true,-0.000000 x 0.014850 x 0.000000,531828,
98444IN-CP,https://techcomm.kohler.com/techcomm/cad/98444IN.obj,data/3d_catalogue/source/98444IN-CP/98444IN.obj,data/3d_catalogue/normalized_glb/98444IN-CP.glb,success,valid,15694,28624,7.545300 x 3.951700 x 46.792000,0.191651 x 1.188517 x 0.100373,0.0254,X=-90;Y=0;Z=0 degrees,true,-0.082546 x -0.133205 x 0.000000,532744,
98445IN-CP,https://techcomm.kohler.com/techcomm/cad/98445IN.obj,data/3d_catalogue/source/98445IN-CP/98445IN.obj,data/3d_catalogue/normalized_glb/98445IN-CP.glb,success,valid,17434,30004,15.110200 x 4.090100 x 46.812900,0.383799 x 1.189048 x 0.103889,0.0254,X=-90;Y=0;Z=0 degrees,true,0.180406 x -0.172752 x 0.000000,570176,
98930X-1-0,https://techcomm.kohler.com/techcomm/cad/98930X-1.obj,data/3d_catalogue/source/98930X-1-0/98930X-1.obj,data/3d_catalogue/normalized_glb/98930X-1-0.glb,success,valid,11450,22532,16.869000 x 18.336100 x 6.841400,0.428473 x 0.173772 x 0.465737,0.0254,X=-90;Y=0;Z=0 degrees,true,-0.000000 x 0.041847 x 0.000000,408692,
99060IN-CP,https://techcomm.kohler.com/techcomm/cad/99060IN.obj,data/3d_catalogue/source/99060IN-CP/99060IN.obj,data/3d_catalogue/normalized_glb/99060IN-CP.glb,success,valid,5276,9914,2.754400 x 6.779600 x 2.754400,0.069962 x 0.069962 x 0.172202,0.0254,X=-90;Y=0;Z=0 degrees,true,-0.000000 x -0.000000 x 0.000000,183140,
99460IN-4-CP,https://techcomm.kohler.com/techcomm/cad/99460IN-4.obj,data/3d_catalogue/source/99460IN-4-CP/99460IN-4.obj,data/3d_catalogue/normalized_glb/99460IN-4-CP.glb,success,valid,30384,56243,17.359600 x 7.467400 x 30.523100,0.440934 x 0.775287 x 0.189672,0.0254,X=-90;Y=0;Z=0 degrees,true,-0.112466 x -0.169904 x 0.000000,1040436,
99467IN-B-CP,,,,missing_asset,missing_obj,,,,,0.0254,,false,,,No product-linked asset in normalized asset catalogue.
99876IN-4ND-CP,https://techcomm.kohler.com/techcomm/cad/99876IN-4ND.obj,data/3d_catalogue/source/99876IN-4ND-CP/99876IN-4ND.obj,data/3d_catalogue/normalized_glb/99876IN-4ND-CP.glb,success,valid,10559,20517,9.173200 x 6.575200 x 1.870000,0.232999 x 0.047498 x 0.167010,0.0254,X=-90;Y=0;Z=0 degrees,true,-0.000000 x 0.000000 x 0.000000,373836,
99992IN-0,,,,missing_asset,missing_obj,,,,,0.0254,,false,,,No product-linked asset in normalized asset catalogue.
C100,,,,missing_asset,missing_obj,,,,,0.0254,,false,,,No product-linked asset in normalized asset catalogue.
C101,,,,missing_asset,missing_obj,,,,,0.0254,,false,,,No product-linked asset in normalized asset catalogue.
C102,,,,missing_asset,missing_obj,,,,,0.0254,,false,,,No product-linked asset in normalized asset catalogue.
C103,,,,missing_asset,missing_obj,,,,,0.0254,,false,,,No product-linked asset in normalized asset catalogue.
C5,,,,missing_asset,missing_obj,,,,,0.0254,,false,,,No product-linked asset in normalized asset catalogue.
C60,,,,missing_asset,missing_obj,,,,,0.0254,,false,,,No product-linked asset in normalized asset catalogue.
C62,,,,missing_asset,missing_obj,,,,,0.0254,,false,,,No product-linked asset in normalized asset catalogue.
C63,,,,missing_asset,missing_obj,,,,,0.0254,,false,,,No product-linked asset in normalized asset catalogue.
C64,,,,missing_asset,missing_obj,,,,,0.0254,,false,,,No product-linked asset in normalized asset catalogue.
C98,,,,missing_asset,missing_obj,,,,,0.0254,,false,,,No product-linked asset in normalized asset catalogue.
C99,,,,missing_asset,missing_obj,,,,,0.0254,,false,,,No product-linked asset in normalized asset catalogue.
EC42639IN-HC-0,https://techcomm.kohler.com/techcomm/cad/EC42639IN-HC.obj,data/3d_catalogue/source/EC42639IN-HC-0/EC42639IN-HC.obj,data/3d_catalogue/normalized_glb/EC42639IN-HC-0.glb,success,valid,31108,60246,17.517200 x 21.919800 x 18.267000,0.444937 x 0.463982 x 0.556763,0.0254,X=-90;Y=0;Z=0 degrees,true,0.038362 x -0.312524 x 0.000000,1097188,
EX27102T-4-2MB,https://techcomm.kohler.com/techcomm/cad/EX27102T-4.obj,data/3d_catalogue/source/EX27102T-4-2MB/EX27102T-4.obj,data/3d_catalogue/normalized_glb/EX27102T-4-2MB.glb,success,valid,19240,37823,6.751500 x 9.144800 x 5.263200,0.171488 x 0.133685 x 0.232278,0.0254,X=-90;Y=0;Z=0 degrees,true,-0.000184 x 0.031659 x 0.000000,685668,
EX28093IN-8-AF,https://techcomm.kohler.com/techcomm/cad/EX28093IN-8.obj,data/3d_catalogue/source/EX28093IN-8-AF/EX28093IN-8.obj,data/3d_catalogue/normalized_glb/EX28093IN-8-AF.glb,success,valid,24928,49442,1.889700 x 7.281600 x 7.602400,0.047998 x 0.193101 x 0.184953,0.0254,X=-90;Y=0;Z=0 degrees,true,-0.000118 x -0.096550 x 0.000000,893356,
R24717T-MU-BL,,,,non_obj_assets,non_obj_assets,,,,,0.0254,,false,,,"Product has linked assets, but none are OBJ files."
T9540-4-CP,,,,non_obj_assets,non_obj_assets,,,,,0.0254,,false,,,"Product has linked assets, but none are OBJ files."
T98071-4-BV,https://techcomm.kohler.com/techcomm/cad/T98071-4.obj,data/3d_catalogue/source/T98071-4-BV/T98071-4.obj,data/3d_catalogue/normalized_glb/T98071-4-BV.glb,success,valid,25036,12500,14.597750 x 3.624850 x 2.249032,0.370783 x 0.057125 x 0.092071,0.0254,X=-90;Y=0;Z=0 degrees,true,-0.000000 x 0.000000 x 0.000000,952892,
