product_code,asset_type,file_format,asset_url,product_url
5684IN-4ND-CP,3D Model,OBJ,https://techcomm.kohler.com/techcomm/cad/5684IN-4ND.obj,https://www.kohler.co.in/p/aleo-wall-mount-lavatory-faucet-trim-in-polished-chrome-5684in-4nd?skuId=5684IN-4ND-CP
5684IN-4ND-CP,3D Model,SKP,https://techcomm.kohler.com/techcomm/cad/5684IN-4ND.skp,https://www.kohler.co.in/p/aleo-wall-mount-lavatory-faucet-trim-in-polished-chrome-5684in-4nd?skuId=5684IN-4ND-CP
5684IN-4ND-CP,3D Model,3DS,https://techcomm.kohler.com/techcomm/cad/5684IN-4ND.3ds,https://www.kohler.co.in/p/aleo-wall-mount-lavatory-faucet-trim-in-polished-chrome-5684in-4nd?skuId=5684IN-4ND-CP
5684IN-4ND-CP,3D Model,RFA,https://techcomm.kohler.com/techcomm/cad/Faucet-Wall_Mount-Lavatory-KOHLER-Aleo-K-5684IN.rfa,https://www.kohler.co.in/p/aleo-wall-mount-lavatory-faucet-trim-in-polished-chrome-5684in-4nd?skuId=5684IN-4ND-CP
5684IN-4ND-CP,CAD Drawing,DXF,https://techcomm.kohler.com/techcomm/cad/5684in_4ndpln.dxf,https://www.kohler.co.in/p/aleo-wall-mount-lavatory-faucet-trim-in-polished-chrome-5684in-4nd?skuId=5684IN-4ND-CP
5684IN-4ND-CP,CAD Drawing,DWG,https://techcomm.kohler.com/techcomm/cad/5684in_4ndpln.dwg,https://www.kohler.co.in/p/aleo-wall-mount-lavatory-faucet-trim-in-polished-chrome-5684in-4nd?skuId=5684IN-4ND-CP
5684IN-4ND-CP,CAD Drawing,DXF,https://techcomm.kohler.com/techcomm/cad/5684in_4ndfrt.dxf,https://www.kohler.co.in/p/aleo-wall-mount-lavatory-faucet-trim-in-polished-chrome-5684in-4nd?skuId=5684IN-4ND-CP
5684IN-4ND-CP,CAD Drawing,DWG,https://techcomm.kohler.com/techcomm/cad/5684in_4ndfrt.dwg,https://www.kohler.co.in/p/aleo-wall-mount-lavatory-faucet-trim-in-polished-chrome-5684in-4nd?skuId=5684IN-4ND-CP
5684IN-4ND-CP,CAD Drawing,DXF,https://techcomm.kohler.com/techcomm/cad/5684in_4ndsde.dxf,https://www.kohler.co.in/p/aleo-wall-mount-lavatory-faucet-trim-in-polished-chrome-5684in-4nd?skuId=5684IN-4ND-CP
5684IN-4ND-CP,CAD Drawing,DWG,https://techcomm.kohler.com/techcomm/cad/5684in_4ndsde.dwg,https://www.kohler.co.in/p/aleo-wall-mount-lavatory-faucet-trim-in-polished-chrome-5684in-4nd?skuId=5684IN-4ND-CP
5684IN-4ND-CP,CAD Drawing,DXF,https://techcomm.kohler.com/techcomm/cad/5684IN-4ND.dxf,https://www.kohler.co.in/p/aleo-wall-mount-lavatory-faucet-trim-in-polished-chrome-5684in-4nd?skuId=5684IN-4ND-CP
5684IN-4ND-CP,CAD Drawing,DWG,https://techcomm.kohler.com/techcomm/cad/5684IN-4ND.dwg,https://www.kohler.co.in/p/aleo-wall-mount-lavatory-faucet-trim-in-polished-chrome-5684in-4nd?skuId=5684IN-4ND-CP
5684IN-4ND-CP,Spec Sheet,PDF,https://techcomm.kohler.com/techcomm/pdf/K-5684IN-4ND_spec_IN_Kohler_en.pdf,https://www.kohler.co.in/p/aleo-wall-mount-lavatory-faucet-trim-in-polished-chrome-5684in-4nd?skuId=5684IN-4ND-CP
5684IN-4ND-CP,Parts,PDF,https://techcomm.kohler.com/techcomm/pdf/1672256-IN8.pdf,https://www.kohler.co.in/p/aleo-wall-mount-lavatory-faucet-trim-in-polished-chrome-5684in-4nd?skuId=5684IN-4ND-CP
23975IN-4ND-CP,3D Model,OBJ,https://techcomm.kohler.com/techcomm/cad/23975IN-4ND.obj,https://www.kohler.co.in/p/vive-wall-mount-bathroom-sink-faucet-5-5-lpm-23975in-4nd?skuId=23975IN-4ND-CP
23975IN-4ND-CP,3D Model,SKP,https://techcomm.kohler.com/techcomm/cad/23975IN-4ND.skp,https://www.kohler.co.in/p/vive-wall-mount-bathroom-sink-faucet-5-5-lpm-23975in-4nd?skuId=23975IN-4ND-CP
23975IN-4ND-CP,3D Model,3DS,https://techcomm.kohler.com/techcomm/cad/23975IN-4ND.3ds,https://www.kohler.co.in/p/vive-wall-mount-bathroom-sink-faucet-5-5-lpm-23975in-4nd?skuId=23975IN-4ND-CP
23975IN-4ND-CP,3D Model,RFA,https://techcomm.kohler.com/techcomm/cad/Faucet-Wall_Mount-Lavatory-KOHLER-Vive-K-23975IN.rfa,https://www.kohler.co.in/p/vive-wall-mount-bathroom-sink-faucet-5-5-lpm-23975in-4nd?skuId=23975IN-4ND-CP
23975IN-4ND-CP,CAD Drawing,DXF,https://techcomm.kohler.com/techcomm/cad/23975in_4ndpln.dxf,https://www.kohler.co.in/p/vive-wall-mount-bathroom-sink-faucet-5-5-lpm-23975in-4nd?skuId=23975IN-4ND-CP
23975IN-4ND-CP,CAD Drawing,DWG,https://techcomm.kohler.com/techcomm/cad/23975in_4ndpln.dwg,https://www.kohler.co.in/p/vive-wall-mount-bathroom-sink-faucet-5-5-lpm-23975in-4nd?skuId=23975IN-4ND-CP
23975IN-4ND-CP,CAD Drawing,DXF,https://techcomm.kohler.com/techcomm/cad/23975in_4ndfrt.dxf,https://www.kohler.co.in/p/vive-wall-mount-bathroom-sink-faucet-5-5-lpm-23975in-4nd?skuId=23975IN-4ND-CP
23975IN-4ND-CP,CAD Drawing,DWG,https://techcomm.kohler.com/techcomm/cad/23975in_4ndfrt.dwg,https://www.kohler.co.in/p/vive-wall-mount-bathroom-sink-faucet-5-5-lpm-23975in-4nd?skuId=23975IN-4ND-CP
23975IN-4ND-CP,CAD Drawing,DXF,https://techcomm.kohler.com/techcomm/cad/23975in_4ndsde.dxf,https://www.kohler.co.in/p/vive-wall-mount-bathroom-sink-faucet-5-5-lpm-23975in-4nd?skuId=23975IN-4ND-CP
23975IN-4ND-CP,CAD Drawing,DWG,https://techcomm.kohler.com/techcomm/cad/23975in_4ndsde.dwg,https://www.kohler.co.in/p/vive-wall-mount-bathroom-sink-faucet-5-5-lpm-23975in-4nd?skuId=23975IN-4ND-CP
23975IN-4ND-CP,CAD Drawing,DXF,https://techcomm.kohler.com/techcomm/cad/23975IN-4ND.dxf,https://www.kohler.co.in/p/vive-wall-mount-bathroom-sink-faucet-5-5-lpm-23975in-4nd?skuId=23975IN-4ND-CP
23975IN-4ND-CP,CAD Drawing,DWG,https://techcomm.kohler.com/techcomm/cad/23975IN-4ND.dwg,https://www.kohler.co.in/p/vive-wall-mount-bathroom-sink-faucet-5-5-lpm-23975in-4nd?skuId=23975IN-4ND-CP
23975IN-4ND-CP,Spec Sheet,PDF,https://techcomm.kohler.com/techcomm/pdf/K-23975IN-4ND_spec_IN_Kohler_en.pdf,https://www.kohler.co.in/p/vive-wall-mount-bathroom-sink-faucet-5-5-lpm-23975in-4nd?skuId=23975IN-4ND-CP
23486IN-4ND-CP,3D Model,OBJ,https://techcomm.kohler.com/techcomm/cad/23486IN-4ND.obj,https://www.kohler.co.in/p/parallel-wall-mount-sc-lav-faucet-23486in-4nd?skuId=23486IN-4ND-CP
23486IN-4ND-CP,3D Model,SKP,https://techcomm.kohler.com/techcomm/cad/23486IN-4ND.skp,https://www.kohler.co.in/p/parallel-wall-mount-sc-lav-faucet-23486in-4nd?skuId=23486IN-4ND-CP
23486IN-4ND-CP,3D Model,3DS,https://techcomm.kohler.com/techcomm/cad/23486IN-4ND.3ds,https://www.kohler.co.in/p/parallel-wall-mount-sc-lav-faucet-23486in-4nd?skuId=23486IN-4ND-CP
23486IN-4ND-CP,3D Model,RFA,https://techcomm.kohler.com/techcomm/cad/Faucet-Wall_Mount-Lavatory-KOHLER-PARALLEL-K-23486IN.rfa,https://www.kohler.co.in/p/parallel-wall-mount-sc-lav-faucet-23486in-4nd?skuId=23486IN-4ND-CP
23486IN-4ND-CP,CAD Drawing,DXF,https://techcomm.kohler.com/techcomm/cad/23486in_4ndpln.dxf,https://www.kohler.co.in/p/parallel-wall-mount-sc-lav-faucet-23486in-4nd?skuId=23486IN-4ND-CP
23486IN-4ND-CP,CAD Drawing,DWG,https://techcomm.kohler.com/techcomm/cad/23486in_4ndpln.dwg,https://www.kohler.co.in/p/parallel-wall-mount-sc-lav-faucet-23486in-4nd?skuId=23486IN-4ND-CP
23486IN-4ND-CP,CAD Drawing,DXF,https://techcomm.kohler.com/techcomm/cad/23486in_4ndfrt.dxf,https://www.kohler.co.in/p/parallel-wall-mount-sc-lav-faucet-23486in-4nd?skuId=23486IN-4ND-CP
23486IN-4ND-CP,CAD Drawing,DWG,https://techcomm.kohler.com/techcomm/cad/23486in_4ndfrt.dwg,https://www.kohler.co.in/p/parallel-wall-mount-sc-lav-faucet-23486in-4nd?skuId=23486IN-4ND-CP
23486IN-4ND-CP,CAD Drawing,DXF,https://techcomm.kohler.com/techcomm/cad/23486in_4ndsde.dxf,https://www.kohler.co.in/p/parallel-wall-mount-sc-lav-faucet-23486in-4nd?skuId=23486IN-4ND-CP
23486IN-4ND-CP,CAD Drawing,DWG,https://techcomm.kohler.com/techcomm/cad/23486in_4ndsde.dwg,https://www.kohler.co.in/p/parallel-wall-mount-sc-lav-faucet-23486in-4nd?skuId=23486IN-4ND-CP
23486IN-4ND-CP,CAD Drawing,DXF,https://techcomm.kohler.com/techcomm/cad/23486IN-4ND.dxf,https://www.kohler.co.in/p/parallel-wall-mount-sc-lav-faucet-23486in-4nd?skuId=23486IN-4ND-CP
23486IN-4ND-CP,CAD Drawing,DWG,https://techcomm.kohler.com/techcomm/cad/23486IN-4ND.dwg,https://www.kohler.co.in/p/parallel-wall-mount-sc-lav-faucet-23486in-4nd?skuId=23486IN-4ND-CP
23486IN-4ND-CP,Spec Sheet,PDF,https://techcomm.kohler.com/techcomm/pdf/K-23486IN-4ND_spec_IN_Kohler_en.pdf,https://www.kohler.co.in/p/parallel-wall-mount-sc-lav-faucet-23486in-4nd?skuId=23486IN-4ND-CP
23486IN-4ND-CP,Installation,PDF,https://techcomm.kohler.com/techcomm/pdf/1339459-IN2.pdf,https://www.kohler.co.in/p/parallel-wall-mount-sc-lav-faucet-23486in-4nd?skuId=23486IN-4ND-CP
23486IN-4ND-CP,Installation,PDF,https://techcomm.kohler.com/techcomm/pdf/1637356-IN2.pdf,https://www.kohler.co.in/p/parallel-wall-mount-sc-lav-faucet-23486in-4nd?skuId=23486IN-4ND-CP
23486IN-4ND-CP,Parts,PDF,https://techcomm.kohler.com/techcomm/pdf/1339459-IN8.pdf,https://www.kohler.co.in/p/parallel-wall-mount-sc-lav-faucet-23486in-4nd?skuId=23486IN-4ND-CP
5683IN-4ND-CP,3D Model,OBJ,https://techcomm.kohler.com/techcomm/cad/5683IN-4ND.obj,https://www.kohler.co.in/p/aleo-wall-mount-lavatory-faucet-trim-5683in-4nd?skuId=5683IN-4ND-CP
5683IN-4ND-CP,3D Model,SKP,https://techcomm.kohler.com/techcomm/cad/5683IN-4ND.skp,https://www.kohler.co.in/p/aleo-wall-mount-lavatory-faucet-trim-5683in-4nd?skuId=5683IN-4ND-CP
5683IN-4ND-CP,3D Model,3DS,https://techcomm.kohler.com/techcomm/cad/5683IN-4ND.3ds,https://www.kohler.co.in/p/aleo-wall-mount-lavatory-faucet-trim-5683in-4nd?skuId=5683IN-4ND-CP
5683IN-4ND-CP,3D Model,RFA,https://techcomm.kohler.com/techcomm/cad/Faucet-Wall_Mount-Lavatory-KOHLER-Aleo-K-5683IN.rfa,https://www.kohler.co.in/p/aleo-wall-mount-lavatory-faucet-trim-5683in-4nd?skuId=5683IN-4ND-CP
5683IN-4ND-CP,CAD Drawing,DXF,https://techcomm.kohler.com/techcomm/cad/5683in_4ndpln.dxf,https://www.kohler.co.in/p/aleo-wall-mount-lavatory-faucet-trim-5683in-4nd?skuId=5683IN-4ND-CP
5683IN-4ND-CP,CAD Drawing,DWG,https://techcomm.kohler.com/techcomm/cad/5683in_4ndpln.dwg,https://www.kohler.co.in/p/aleo-wall-mount-lavatory-faucet-trim-5683in-4nd?skuId=5683IN-4ND-CP
5683IN-4ND-CP,CAD Drawing,DXF,https://techcomm.kohler.com/techcomm/cad/5683in_4ndfrt.dxf,https://www.kohler.co.in/p/aleo-wall-mount-lavatory-faucet-trim-5683in-4nd?skuId=5683IN-4ND-CP
5683IN-4ND-CP,CAD Drawing,DWG,https://techcomm.kohler.com/techcomm/cad/5683in_4ndfrt.dwg,https://www.kohler.co.in/p/aleo-wall-mount-lavatory-faucet-trim-5683in-4nd?skuId=5683IN-4ND-CP
5683IN-4ND-CP,CAD Drawing,DXF,https://techcomm.kohler.com/techcomm/cad/5683in_4ndsde.dxf,https://www.kohler.co.in/p/aleo-wall-mount-lavatory-faucet-trim-5683in-4nd?skuId=5683IN-4ND-CP
5683IN-4ND-CP,CAD Drawing,DWG,https://techcomm.kohler.com/techcomm/cad/5683in_4ndsde.dwg,https://www.kohler.co.in/p/aleo-wall-mount-lavatory-faucet-trim-5683in-4nd?skuId=5683IN-4ND-CP
5683IN-4ND-CP,CAD Drawing,DXF,https://techcomm.kohler.com/techcomm/cad/5683IN-4ND.dxf,https://www.kohler.co.in/p/aleo-wall-mount-lavatory-faucet-trim-5683in-4nd?skuId=5683IN-4ND-CP
5683IN-4ND-CP,CAD Drawing,DWG,https://techcomm.kohler.com/techcomm/cad/5683IN-4ND.dwg,https://www.kohler.co.in/p/aleo-wall-mount-lavatory-faucet-trim-5683in-4nd?skuId=5683IN-4ND-CP
5683IN-4ND-CP,Spec Sheet,PDF,https://techcomm.kohler.com/techcomm/pdf/K-5683IN-4ND_spec_IN_Kohler_en.pdf,https://www.kohler.co.in/p/aleo-wall-mount-lavatory-faucet-trim-5683in-4nd?skuId=5683IN-4ND-CP
5683IN-4ND-CP,Installation,PDF,https://techcomm.kohler.com/techcomm/pdf/1637356-IN2.pdf,https://www.kohler.co.in/p/aleo-wall-mount-lavatory-faucet-trim-5683in-4nd?skuId=5683IN-4ND-CP
5683IN-4ND-CP,Parts,PDF,https://techcomm.kohler.com/techcomm/pdf/1216567-IN8.pdf,https://www.kohler.co.in/p/aleo-wall-mount-lavatory-faucet-trim-5683in-4nd?skuId=5683IN-4ND-CP
97358IN-4ND-CP,3D Model,OBJ,https://techcomm.kohler.com/techcomm/cad/97358IN-4ND.obj,https://www.kohler.co.in/p/avid-single-control-wall-mount-lavatory-faucet-without-drain-97358in-4nd?skuId=97358IN-4ND-CP
97358IN-4ND-CP,3D Model,SKP,https://techcomm.kohler.com/techcomm/cad/97358IN-4ND.skp,https://www.kohler.co.in/p/avid-single-control-wall-mount-lavatory-faucet-without-drain-97358in-4nd?skuId=97358IN-4ND-CP
97358IN-4ND-CP,3D Model,3DS,https://techcomm.kohler.com/techcomm/cad/97358IN-4ND.3ds,https://www.kohler.co.in/p/avid-single-control-wall-mount-lavatory-faucet-without-drain-97358in-4nd?skuId=97358IN-4ND-CP
97358IN-4ND-CP,3D Model,RFA,https://techcomm.kohler.com/techcomm/cad/Faucet-Wall_Mount-Lavatory-KOHLER-Avid-K-97358IN.rfa,https://www.kohler.co.in/p/avid-single-control-wall-mount-lavatory-faucet-without-drain-97358in-4nd?skuId=97358IN-4ND-CP
97358IN-4ND-CP,CAD Drawing,DXF,https://techcomm.kohler.com/techcomm/cad/97358in_4ndpln.dxf,https://www.kohler.co.in/p/avid-single-control-wall-mount-lavatory-faucet-without-drain-97358in-4nd?skuId=97358IN-4ND-CP
97358IN-4ND-CP,CAD Drawing,DWG,https://techcomm.kohler.com/techcomm/cad/97358in_4ndpln.dwg,https://www.kohler.co.in/p/avid-single-control-wall-mount-lavatory-faucet-without-drain-97358in-4nd?skuId=97358IN-4ND-CP
97358IN-4ND-CP,CAD Drawing,DXF,https://techcomm.kohler.com/techcomm/cad/97358in_4ndfrt.dxf,https://www.kohler.co.in/p/avid-single-control-wall-mount-lavatory-faucet-without-drain-97358in-4nd?skuId=97358IN-4ND-CP
97358IN-4ND-CP,CAD Drawing,DWG,https://techcomm.kohler.com/techcomm/cad/97358in_4ndfrt.dwg,https://www.kohler.co.in/p/avid-single-control-wall-mount-lavatory-faucet-without-drain-97358in-4nd?skuId=97358IN-4ND-CP
97358IN-4ND-CP,CAD Drawing,DXF,https://techcomm.kohler.com/techcomm/cad/97358in_4ndsde.dxf,https://www.kohler.co.in/p/avid-single-control-wall-mount-lavatory-faucet-without-drain-97358in-4nd?skuId=97358IN-4ND-CP
97358IN-4ND-CP,CAD Drawing,DWG,https://techcomm.kohler.com/techcomm/cad/97358in_4ndsde.dwg,https://www.kohler.co.in/p/avid-single-control-wall-mount-lavatory-faucet-without-drain-97358in-4nd?skuId=97358IN-4ND-CP
97358IN-4ND-CP,CAD Drawing,DXF,https://techcomm.kohler.com/techcomm/cad/97358IN-4ND.dxf,https://www.kohler.co.in/p/avid-single-control-wall-mount-lavatory-faucet-without-drain-97358in-4nd?skuId=97358IN-4ND-CP
97358IN-4ND-CP,CAD Drawing,DWG,https://techcomm.kohler.com/techcomm/cad/97358IN-4ND.dwg,https://www.kohler.co.in/p/avid-single-control-wall-mount-lavatory-faucet-without-drain-97358in-4nd?skuId=97358IN-4ND-CP
73061T-7-BV,3D Model,OBJ,https://techcomm.kohler.com/techcomm/cad/73061T-7.obj,https://www.kohler.co.in/p/composed-wall-mount-lavatory-faucet-73061t-7?skuId=73061T-7-BV
73061T-7-BV,3D Model,SKP,https://techcomm.kohler.com/techcomm/cad/73061T-7.skp,https://www.kohler.co.in/p/composed-wall-mount-lavatory-faucet-73061t-7?skuId=73061T-7-BV
73061T-7-BV,3D Model,3DS,https://techcomm.kohler.com/techcomm/cad/73061T-7.3ds,https://www.kohler.co.in/p/composed-wall-mount-lavatory-faucet-73061t-7?skuId=73061T-7-BV
73061T-7-BV,3D Model,RFA,https://techcomm.kohler.com/techcomm/cad/Faucet-Wall_Mount-Lavatory-KOHLER-COMPOSED-K-73061T.zip,https://www.kohler.co.in/p/composed-wall-mount-lavatory-faucet-73061t-7?skuId=73061T-7-BV
73061T-7-BV,CAD Drawing,DXF,https://techcomm.kohler.com/techcomm/cad/73061t_7pln.dxf,https://www.kohler.co.in/p/composed-wall-mount-lavatory-faucet-73061t-7?skuId=73061T-7-BV
73061T-7-BV,CAD Drawing,DWG,https://techcomm.kohler.com/techcomm/cad/73061t_7pln.dwg,https://www.kohler.co.in/p/composed-wall-mount-lavatory-faucet-73061t-7?skuId=73061T-7-BV
73061T-7-BV,CAD Drawing,DXF,https://techcomm.kohler.com/techcomm/cad/73061t_7frt.dxf,https://www.kohler.co.in/p/composed-wall-mount-lavatory-faucet-73061t-7?skuId=73061T-7-BV
73061T-7-BV,CAD Drawing,DWG,https://techcomm.kohler.com/techcomm/cad/73061t_7frt.dwg,https://www.kohler.co.in/p/composed-wall-mount-lavatory-faucet-73061t-7?skuId=73061T-7-BV
73061T-7-BV,CAD Drawing,DXF,https://techcomm.kohler.com/techcomm/cad/73061t_7sde.dxf,https://www.kohler.co.in/p/composed-wall-mount-lavatory-faucet-73061t-7?skuId=73061T-7-BV
73061T-7-BV,CAD Drawing,DWG,https://techcomm.kohler.com/techcomm/cad/73061t_7sde.dwg,https://www.kohler.co.in/p/composed-wall-mount-lavatory-faucet-73061t-7?skuId=73061T-7-BV
73061T-7-BV,CAD Drawing,DXF,https://techcomm.kohler.com/techcomm/cad/73061T-7.dxf,https://www.kohler.co.in/p/composed-wall-mount-lavatory-faucet-73061t-7?skuId=73061T-7-BV
73061T-7-BV,CAD Drawing,DWG,https://techcomm.kohler.com/techcomm/cad/73061T-7.dwg,https://www.kohler.co.in/p/composed-wall-mount-lavatory-faucet-73061t-7?skuId=73061T-7-BV
73061T-7-BV,Spec Sheet,PDF,https://techcomm.kohler.com/techcomm/pdf/K-73061T-7_spec_TH_Kohler_en.pdf,https://www.kohler.co.in/p/composed-wall-mount-lavatory-faucet-73061t-7?skuId=73061T-7-BV
73061T-7-BV,Spec Sheet,PDF,https://techcomm.kohler.com/techcomm/pdf/K-73061T-7_spec_IN_Kohler_en.pdf,https://www.kohler.co.in/p/composed-wall-mount-lavatory-faucet-73061t-7?skuId=73061T-7-BV
73061T-7-BV,Installation,PDF,https://techcomm.kohler.com/techcomm/pdf/1247070-2A_A1.pdf,https://www.kohler.co.in/p/composed-wall-mount-lavatory-faucet-73061t-7?skuId=73061T-7-BV
25759IN-4ND-CP,3D Model,OBJ,https://techcomm.kohler.com/techcomm/cad/25759IN-4ND.obj,https://www.kohler.co.in/p/modernlife-edge-wall-mount-bathroom-sink-faucet-25759in-4nd?skuId=25759IN-4ND-CP
25759IN-4ND-CP,3D Model,SKP,https://techcomm.kohler.com/techcomm/cad/25759IN-4ND.skp,https://www.kohler.co.in/p/modernlife-edge-wall-mount-bathroom-sink-faucet-25759in-4nd?skuId=25759IN-4ND-CP
25759IN-4ND-CP,3D Model,3DS,https://techcomm.kohler.com/techcomm/cad/25759IN-4ND.3ds,https://www.kohler.co.in/p/modernlife-edge-wall-mount-bathroom-sink-faucet-25759in-4nd?skuId=25759IN-4ND-CP
25759IN-4ND-CP,3D Model,RFA,https://techcomm.kohler.com/techcomm/cad/Faucet-Wall_Mount-Lavatory-KOHLER-ModernLife_Edge-K-25759IN.rfa,https://www.kohler.co.in/p/modernlife-edge-wall-mount-bathroom-sink-faucet-25759in-4nd?skuId=25759IN-4ND-CP
25759IN-4ND-CP,CAD Drawing,DXF,https://techcomm.kohler.com/techcomm/cad/25759in_4ndpln.dxf,https://www.kohler.co.in/p/modernlife-edge-wall-mount-bathroom-sink-faucet-25759in-4nd?skuId=25759IN-4ND-CP
25759IN-4ND-CP,CAD Drawing,DWG,https://techcomm.kohler.com/techcomm/cad/25759in_4ndpln.dwg,https://www.kohler.co.in/p/modernlife-edge-wall-mount-bathroom-sink-faucet-25759in-4nd?skuId=25759IN-4ND-CP
25759IN-4ND-CP,CAD Drawing,DXF,https://techcomm.kohler.com/techcomm/cad/25759in_4ndfrt.dxf,https://www.kohler.co.in/p/modernlife-edge-wall-mount-bathroom-sink-faucet-25759in-4nd?skuId=25759IN-4ND-CP
25759IN-4ND-CP,CAD Drawing,DWG,https://techcomm.kohler.com/techcomm/cad/25759in_4ndfrt.dwg,https://www.kohler.co.in/p/modernlife-edge-wall-mount-bathroom-sink-faucet-25759in-4nd?skuId=25759IN-4ND-CP
25759IN-4ND-CP,CAD Drawing,DXF,https://techcomm.kohler.com/techcomm/cad/25759in_4ndsde.dxf,https://www.kohler.co.in/p/modernlife-edge-wall-mount-bathroom-sink-faucet-25759in-4nd?skuId=25759IN-4ND-CP
25759IN-4ND-CP,CAD Drawing,DWG,https://techcomm.kohler.com/techcomm/cad/25759in_4ndsde.dwg,https://www.kohler.co.in/p/modernlife-edge-wall-mount-bathroom-sink-faucet-25759in-4nd?skuId=25759IN-4ND-CP
25759IN-4ND-CP,Spec Sheet,PDF,https://techcomm.kohler.com/techcomm/pdf/K-25759IN-4ND_spec_IN_Kohler_en.pdf,https://www.kohler.co.in/p/modernlife-edge-wall-mount-bathroom-sink-faucet-25759in-4nd?skuId=25759IN-4ND-CP
25759IN-4ND-CP,Installation,PDF,https://techcomm.kohler.com/techcomm/pdf/1672150-IN2.pdf,https://www.kohler.co.in/p/modernlife-edge-wall-mount-bathroom-sink-faucet-25759in-4nd?skuId=25759IN-4ND-CP
25759IN-4ND-CP,Parts,PDF,https://techcomm.kohler.com/techcomm/pdf/1672150-IN8.pdf,https://www.kohler.co.in/p/modernlife-edge-wall-mount-bathroom-sink-faucet-25759in-4nd?skuId=25759IN-4ND-CP
73067T-9ACH-BV,3D Model,OBJ,https://techcomm.kohler.com/techcomm/cad/73067T-9ACH.obj,https://www.kohler.co.in/p/composed-liu-guang-jing-yun-series-double-handle-wall-mounted-bathroom-sink-faucet-with-amber-gold-glazed-glass-handle-73067t-9ach?skuId=73067T-9ACH-BV
73067T-9ACH-BV,3D Model,SKP,https://techcomm.kohler.com/techcomm/cad/73067T-9ACH.skp,https://www.kohler.co.in/p/composed-liu-guang-jing-yun-series-double-handle-wall-mounted-bathroom-sink-faucet-with-amber-gold-glazed-glass-handle-73067t-9ach?skuId=73067T-9ACH-BV
73067T-9ACH-BV,3D Model,3DS,https://techcomm.kohler.com/techcomm/cad/73067T-9ACH.3ds,https://www.kohler.co.in/p/composed-liu-guang-jing-yun-series-double-handle-wall-mounted-bathroom-sink-faucet-with-amber-gold-glazed-glass-handle-73067t-9ach?skuId=73067T-9ACH-BV
73067T-9ACH-BV,3D Model,RFA,https://techcomm.kohler.com/techcomm/cad/Faucet-Wall_Mount-Lavatory-KOHLER-COMPOSED-K-73067T.zip,https://www.kohler.co.in/p/composed-liu-guang-jing-yun-series-double-handle-wall-mounted-bathroom-sink-faucet-with-amber-gold-glazed-glass-handle-73067t-9ach?skuId=73067T-9ACH-BV
73067T-9ACH-BV,CAD Drawing,DXF,https://techcomm.kohler.com/techcomm/cad/73067t_9achpln.dxf,https://www.kohler.co.in/p/composed-liu-guang-jing-yun-series-double-handle-wall-mounted-bathroom-sink-faucet-with-amber-gold-glazed-glass-handle-73067t-9ach?skuId=73067T-9ACH-BV
73067T-9ACH-BV,CAD Drawing,DWG,https://techcomm.kohler.com/techcomm/cad/73067t_9achpln.dwg,https://www.kohler.co.in/p/composed-liu-guang-jing-yun-series-double-handle-wall-mounted-bathroom-sink-faucet-with-amber-gold-glazed-glass-handle-73067t-9ach?skuId=73067T-9ACH-BV
73067T-9ACH-BV,CAD Drawing,DXF,https://techcomm.kohler.com/techcomm/cad/73067t_9achfrt.dxf,https://www.kohler.co.in/p/composed-liu-guang-jing-yun-series-double-handle-wall-mounted-bathroom-sink-faucet-with-amber-gold-glazed-glass-handle-73067t-9ach?skuId=73067T-9ACH-BV
73067T-9ACH-BV,CAD Drawing,DWG,https://techcomm.kohler.com/techcomm/cad/73067t_9achfrt.dwg,https://www.kohler.co.in/p/composed-liu-guang-jing-yun-series-double-handle-wall-mounted-bathroom-sink-faucet-with-amber-gold-glazed-glass-handle-73067t-9ach?skuId=73067T-9ACH-BV
73067T-9ACH-BV,CAD Drawing,DXF,https://techcomm.kohler.com/techcomm/cad/73067t_9achsde.dxf,https://www.kohler.co.in/p/composed-liu-guang-jing-yun-series-double-handle-wall-mounted-bathroom-sink-faucet-with-amber-gold-glazed-glass-handle-73067t-9ach?skuId=73067T-9ACH-BV
73067T-9ACH-BV,CAD Drawing,DWG,https://techcomm.kohler.com/techcomm/cad/73067t_9achsde.dwg,https://www.kohler.co.in/p/composed-liu-guang-jing-yun-series-double-handle-wall-mounted-bathroom-sink-faucet-with-amber-gold-glazed-glass-handle-73067t-9ach?skuId=73067T-9ACH-BV
73067T-9ACH-BV,CAD Drawing,DXF,https://techcomm.kohler.com/techcomm/cad/73067T-9ACH.dxf,https://www.kohler.co.in/p/composed-liu-guang-jing-yun-series-double-handle-wall-mounted-bathroom-sink-faucet-with-amber-gold-glazed-glass-handle-73067t-9ach?skuId=73067T-9ACH-BV
73067T-9ACH-BV,CAD Drawing,DWG,https://techcomm.kohler.com/techcomm/cad/73067T-9ACH.dwg,https://www.kohler.co.in/p/composed-liu-guang-jing-yun-series-double-handle-wall-mounted-bathroom-sink-faucet-with-amber-gold-glazed-glass-handle-73067t-9ach?skuId=73067T-9ACH-BV
73067T-9ACH-BV,Installation,PDF,https://techcomm.kohler.com/techcomm/pdf/1511948185440_73067T-9ACH&9GCH_install.pdf,https://www.kohler.co.in/p/composed-liu-guang-jing-yun-series-double-handle-wall-mounted-bathroom-sink-faucet-with-amber-gold-glazed-glass-handle-73067t-9ach?skuId=73067T-9ACH-BV
73061IN-4ND-CP,3D Model,OBJ,https://techcomm.kohler.com/techcomm/cad/73061IN-4ND.obj,https://www.kohler.co.in/p/composed-wall-mount-bathroom-sink-faucet-8-3-lpm-73061in-4nd?skuId=73061IN-4ND-CP
73061IN-4ND-CP,3D Model,SKP,https://techcomm.kohler.com/techcomm/cad/73061IN-4ND.skp,https://www.kohler.co.in/p/composed-wall-mount-bathroom-sink-faucet-8-3-lpm-73061in-4nd?skuId=73061IN-4ND-CP
73061IN-4ND-CP,3D Model,3DS,https://techcomm.kohler.com/techcomm/cad/73061IN-4ND.3ds,https://www.kohler.co.in/p/composed-wall-mount-bathroom-sink-faucet-8-3-lpm-73061in-4nd?skuId=73061IN-4ND-CP
73061IN-4ND-CP,3D Model,RFA,https://techcomm.kohler.com/techcomm/cad/Faucet-Wall_Mount-Lavatory-KOHLER-Composed-K-73061IN.rfa,https://www.kohler.co.in/p/composed-wall-mount-bathroom-sink-faucet-8-3-lpm-73061in-4nd?skuId=73061IN-4ND-CP
73061IN-4ND-CP,CAD Drawing,DXF,https://techcomm.kohler.com/techcomm/cad/73061in_4ndpln.dxf,https://www.kohler.co.in/p/composed-wall-mount-bathroom-sink-faucet-8-3-lpm-73061in-4nd?skuId=73061IN-4ND-CP
73061IN-4ND-CP,CAD Drawing,DWG,https://techcomm.kohler.com/techcomm/cad/73061in_4ndpln.dwg,https://www.kohler.co.in/p/composed-wall-mount-bathroom-sink-faucet-8-3-lpm-73061in-4nd?skuId=73061IN-4ND-CP
73061IN-4ND-CP,CAD Drawing,DXF,https://techcomm.kohler.com/techcomm/cad/73061in_4ndfrt.dxf,https://www.kohler.co.in/p/composed-wall-mount-bathroom-sink-faucet-8-3-lpm-73061in-4nd?skuId=73061IN-4ND-CP
73061IN-4ND-CP,CAD Drawing,DWG,https://techcomm.kohler.com/techcomm/cad/73061in_4ndfrt.dwg,https://www.kohler.co.in/p/composed-wall-mount-bathroom-sink-faucet-8-3-lpm-73061in-4nd?skuId=73061IN-4ND-CP
73061IN-4ND-CP,CAD Drawing,DXF,https://techcomm.kohler.com/techcomm/cad/73061in_4ndsde.dxf,https://www.kohler.co.in/p/composed-wall-mount-bathroom-sink-faucet-8-3-lpm-73061in-4nd?skuId=73061IN-4ND-CP
73061IN-4ND-CP,CAD Drawing,DWG,https://techcomm.kohler.com/techcomm/cad/73061in_4ndsde.dwg,https://www.kohler.co.in/p/composed-wall-mount-bathroom-sink-faucet-8-3-lpm-73061in-4nd?skuId=73061IN-4ND-CP
73061IN-4ND-CP,Spec Sheet,PDF,https://techcomm.kohler.com/techcomm/pdf/K-73061IN-4ND_spec_IN_Kohler_en.pdf,https://www.kohler.co.in/p/composed-wall-mount-bathroom-sink-faucet-8-3-lpm-73061in-4nd?skuId=73061IN-4ND-CP
5680IN-4ND-CP,3D Model,OBJ,https://techcomm.kohler.com/techcomm/cad/5680IN-4ND.obj,https://www.kohler.co.in/p/july-wall-mount-lavatory-faucet-trim-in-polished-chrome-5680in-4nd?skuId=5680IN-4ND-CP
5680IN-4ND-CP,3D Model,SKP,https://techcomm.kohler.com/techcomm/cad/5680IN-4ND.skp,https://www.kohler.co.in/p/july-wall-mount-lavatory-faucet-trim-in-polished-chrome-5680in-4nd?skuId=5680IN-4ND-CP
5680IN-4ND-CP,3D Model,3DS,https://techcomm.kohler.com/techcomm/cad/5680IN-4ND.3ds,https://www.kohler.co.in/p/july-wall-mount-lavatory-faucet-trim-in-polished-chrome-5680in-4nd?skuId=5680IN-4ND-CP
5680IN-4ND-CP,3D Model,RFA,https://techcomm.kohler.com/techcomm/cad/Faucet-Wall_Mount-Lavatory-KOHLER-July-K-5680IN.rfa,https://www.kohler.co.in/p/july-wall-mount-lavatory-faucet-trim-in-polished-chrome-5680in-4nd?skuId=5680IN-4ND-CP
5680IN-4ND-CP,CAD Drawing,DXF,https://techcomm.kohler.com/techcomm/cad/5680in_4ndpln.dxf,https://www.kohler.co.in/p/july-wall-mount-lavatory-faucet-trim-in-polished-chrome-5680in-4nd?skuId=5680IN-4ND-CP
5680IN-4ND-CP,CAD Drawing,DWG,https://techcomm.kohler.com/techcomm/cad/5680in_4ndpln.dwg,https://www.kohler.co.in/p/july-wall-mount-lavatory-faucet-trim-in-polished-chrome-5680in-4nd?skuId=5680IN-4ND-CP
5680IN-4ND-CP,CAD Drawing,DXF,https://techcomm.kohler.com/techcomm/cad/5680in_4ndfrt.dxf,https://www.kohler.co.in/p/july-wall-mount-lavatory-faucet-trim-in-polished-chrome-5680in-4nd?skuId=5680IN-4ND-CP
5680IN-4ND-CP,CAD Drawing,DWG,https://techcomm.kohler.com/techcomm/cad/5680in_4ndfrt.dwg,https://www.kohler.co.in/p/july-wall-mount-lavatory-faucet-trim-in-polished-chrome-5680in-4nd?skuId=5680IN-4ND-CP
5680IN-4ND-CP,CAD Drawing,DXF,https://techcomm.kohler.com/techcomm/cad/5680in_4ndsde.dxf,https://www.kohler.co.in/p/july-wall-mount-lavatory-faucet-trim-in-polished-chrome-5680in-4nd?skuId=5680IN-4ND-CP
5680IN-4ND-CP,CAD Drawing,DWG,https://techcomm.kohler.com/techcomm/cad/5680in_4ndsde.dwg,https://www.kohler.co.in/p/july-wall-mount-lavatory-faucet-trim-in-polished-chrome-5680in-4nd?skuId=5680IN-4ND-CP
5680IN-4ND-CP,CAD Drawing,DXF,https://techcomm.kohler.com/techcomm/cad/5680IN-4ND.dxf,https://www.kohler.co.in/p/july-wall-mount-lavatory-faucet-trim-in-polished-chrome-5680in-4nd?skuId=5680IN-4ND-CP
5680IN-4ND-CP,CAD Drawing,DWG,https://techcomm.kohler.com/techcomm/cad/5680IN-4ND.dwg,https://www.kohler.co.in/p/july-wall-mount-lavatory-faucet-trim-in-polished-chrome-5680in-4nd?skuId=5680IN-4ND-CP
5680IN-4ND-CP,Spec Sheet,PDF,https://techcomm.kohler.com/techcomm/pdf/K-5680IN-4ND_spec_IN_Kohler_en.pdf,https://www.kohler.co.in/p/july-wall-mount-lavatory-faucet-trim-in-polished-chrome-5680in-4nd?skuId=5680IN-4ND-CP
99876IN-4ND-CP,3D Model,OBJ,https://techcomm.kohler.com/techcomm/cad/99876IN-4ND.obj,https://www.kohler.co.in/p/beitou-wall-mount-lavatory-facuet-99876in-4nd?skuId=99876IN-4ND-CP
99876IN-4ND-CP,3D Model,SKP,https://techcomm.kohler.com/techcomm/cad/99876IN-4ND.skp,https://www.kohler.co.in/p/beitou-wall-mount-lavatory-facuet-99876in-4nd?skuId=99876IN-4ND-CP
99876IN-4ND-CP,3D Model,3DS,https://techcomm.kohler.com/techcomm/cad/99876IN-4ND.3ds,https://www.kohler.co.in/p/beitou-wall-mount-lavatory-facuet-99876in-4nd?skuId=99876IN-4ND-CP
99876IN-4ND-CP,3D Model,RFA,https://techcomm.kohler.com/techcomm/cad/Faucet-Wall_Mount-Lavatory-KOHLER-Beitou-K-99876IN.rfa,https://www.kohler.co.in/p/beitou-wall-mount-lavatory-facuet-99876in-4nd?skuId=99876IN-4ND-CP
99876IN-4ND-CP,CAD Drawing,DXF,https://techcomm.kohler.com/techcomm/cad/99876in_4ndpln.dxf,https://www.kohler.co.in/p/beitou-wall-mount-lavatory-facuet-99876in-4nd?skuId=99876IN-4ND-CP
99876IN-4ND-CP,CAD Drawing,DWG,https://techcomm.kohler.com/techcomm/cad/99876in_4ndpln.dwg,https://www.kohler.co.in/p/beitou-wall-mount-lavatory-facuet-99876in-4nd?skuId=99876IN-4ND-CP
99876IN-4ND-CP,CAD Drawing,DXF,https://techcomm.kohler.com/techcomm/cad/99876in_4ndfrt.dxf,https://www.kohler.co.in/p/beitou-wall-mount-lavatory-facuet-99876in-4nd?skuId=99876IN-4ND-CP
99876IN-4ND-CP,CAD Drawing,DWG,https://techcomm.kohler.com/techcomm/cad/99876in_4ndfrt.dwg,https://www.kohler.co.in/p/beitou-wall-mount-lavatory-facuet-99876in-4nd?skuId=99876IN-4ND-CP
99876IN-4ND-CP,CAD Drawing,DXF,https://techcomm.kohler.com/techcomm/cad/99876in_4ndsde.dxf,https://www.kohler.co.in/p/beitou-wall-mount-lavatory-facuet-99876in-4nd?skuId=99876IN-4ND-CP
99876IN-4ND-CP,CAD Drawing,DWG,https://techcomm.kohler.com/techcomm/cad/99876in_4ndsde.dwg,https://www.kohler.co.in/p/beitou-wall-mount-lavatory-facuet-99876in-4nd?skuId=99876IN-4ND-CP
99876IN-4ND-CP,CAD Drawing,DXF,https://techcomm.kohler.com/techcomm/cad/99876IN-4ND.dxf,https://www.kohler.co.in/p/beitou-wall-mount-lavatory-facuet-99876in-4nd?skuId=99876IN-4ND-CP
99876IN-4ND-CP,CAD Drawing,DWG,https://techcomm.kohler.com/techcomm/cad/99876IN-4ND.dwg,https://www.kohler.co.in/p/beitou-wall-mount-lavatory-facuet-99876in-4nd?skuId=99876IN-4ND-CP
21969IN-4ND-BV,3D Model,OBJ,https://techcomm.kohler.com/techcomm/cad/21969IN-4ND.obj,https://www.kohler.co.in/p/aleo-wall-mount-bathroom-sink-faucet-with-lever-handle-40-9-lpm-21969in-4nd?skuId=21969IN-4ND-BV
21969IN-4ND-BV,3D Model,SKP,https://techcomm.kohler.com/techcomm/cad/21969IN-4ND.skp,https://www.kohler.co.in/p/aleo-wall-mount-bathroom-sink-faucet-with-lever-handle-40-9-lpm-21969in-4nd?skuId=21969IN-4ND-BV
21969IN-4ND-BV,3D Model,3DS,https://techcomm.kohler.com/techcomm/cad/21969IN-4ND.3ds,https://www.kohler.co.in/p/aleo-wall-mount-bathroom-sink-faucet-with-lever-handle-40-9-lpm-21969in-4nd?skuId=21969IN-4ND-BV
21969IN-4ND-BV,3D Model,RFA,https://techcomm.kohler.com/techcomm/cad/Faucet-Wall_Mount-Lavatory-KOHLER-Aleo-K-21969IN.rfa,https://www.kohler.co.in/p/aleo-wall-mount-bathroom-sink-faucet-with-lever-handle-40-9-lpm-21969in-4nd?skuId=21969IN-4ND-BV
21969IN-4ND-BV,CAD Drawing,DXF,https://techcomm.kohler.com/techcomm/cad/21969in_4ndpln.dxf,https://www.kohler.co.in/p/aleo-wall-mount-bathroom-sink-faucet-with-lever-handle-40-9-lpm-21969in-4nd?skuId=21969IN-4ND-BV
21969IN-4ND-BV,CAD Drawing,DWG,https://techcomm.kohler.com/techcomm/cad/21969in_4ndpln.dwg,https://www.kohler.co.in/p/aleo-wall-mount-bathroom-sink-faucet-with-lever-handle-40-9-lpm-21969in-4nd?skuId=21969IN-4ND-BV
21969IN-4ND-BV,CAD Drawing,DXF,https://techcomm.kohler.com/techcomm/cad/21969in_4ndfrt.dxf,https://www.kohler.co.in/p/aleo-wall-mount-bathroom-sink-faucet-with-lever-handle-40-9-lpm-21969in-4nd?skuId=21969IN-4ND-BV
21969IN-4ND-BV,CAD Drawing,DWG,https://techcomm.kohler.com/techcomm/cad/21969in_4ndfrt.dwg,https://www.kohler.co.in/p/aleo-wall-mount-bathroom-sink-faucet-with-lever-handle-40-9-lpm-21969in-4nd?skuId=21969IN-4ND-BV
21969IN-4ND-BV,CAD Drawing,DXF,https://techcomm.kohler.com/techcomm/cad/21969in_4ndsde.dxf,https://www.kohler.co.in/p/aleo-wall-mount-bathroom-sink-faucet-with-lever-handle-40-9-lpm-21969in-4nd?skuId=21969IN-4ND-BV
21969IN-4ND-BV,CAD Drawing,DWG,https://techcomm.kohler.com/techcomm/cad/21969in_4ndsde.dwg,https://www.kohler.co.in/p/aleo-wall-mount-bathroom-sink-faucet-with-lever-handle-40-9-lpm-21969in-4nd?skuId=21969IN-4ND-BV
21969IN-4ND-BV,CAD Drawing,DXF,https://techcomm.kohler.com/techcomm/cad/21969IN-4ND.dxf,https://www.kohler.co.in/p/aleo-wall-mount-bathroom-sink-faucet-with-lever-handle-40-9-lpm-21969in-4nd?skuId=21969IN-4ND-BV
21969IN-4ND-BV,CAD Drawing,DWG,https://techcomm.kohler.com/techcomm/cad/21969IN-4ND.dwg,https://www.kohler.co.in/p/aleo-wall-mount-bathroom-sink-faucet-with-lever-handle-40-9-lpm-21969in-4nd?skuId=21969IN-4ND-BV
21969IN-4ND-BV,Spec Sheet,PDF,https://techcomm.kohler.com/techcomm/pdf/K-21969IN-4ND_spec_IN_Kohler_en.pdf,https://www.kohler.co.in/p/aleo-wall-mount-bathroom-sink-faucet-with-lever-handle-40-9-lpm-21969in-4nd?skuId=21969IN-4ND-BV
34076IN-4ND-CP,3D Model,OBJ,https://techcomm.kohler.com/techcomm/cad/34076IN-4ND.obj,https://www.kohler.co.in/p/apt-curv-wall-mount-bathroom-sink-faucet-12-5-lpm-34076in-4nd?skuId=34076IN-4ND-CP
34076IN-4ND-CP,3D Model,SKP,https://techcomm.kohler.com/techcomm/cad/34076IN-4ND.skp,https://www.kohler.co.in/p/apt-curv-wall-mount-bathroom-sink-faucet-12-5-lpm-34076in-4nd?skuId=34076IN-4ND-CP
34076IN-4ND-CP,3D Model,3DS,https://techcomm.kohler.com/techcomm/cad/34076IN-4ND.3ds,https://www.kohler.co.in/p/apt-curv-wall-mount-bathroom-sink-faucet-12-5-lpm-34076in-4nd?skuId=34076IN-4ND-CP
34076IN-4ND-CP,3D Model,RFA,https://techcomm.kohler.com/techcomm/cad/Faucet-Wall_Mount-Lavatory-KOHLER-APT-K-34076IN.rfa,https://www.kohler.co.in/p/apt-curv-wall-mount-bathroom-sink-faucet-12-5-lpm-34076in-4nd?skuId=34076IN-4ND-CP
34076IN-4ND-CP,CAD Drawing,DXF,https://techcomm.kohler.com/techcomm/cad/34076in_4ndpln.dxf,https://www.kohler.co.in/p/apt-curv-wall-mount-bathroom-sink-faucet-12-5-lpm-34076in-4nd?skuId=34076IN-4ND-CP
34076IN-4ND-CP,CAD Drawing,DWG,https://techcomm.kohler.com/techcomm/cad/34076in_4ndpln.dwg,https://www.kohler.co.in/p/apt-curv-wall-mount-bathroom-sink-faucet-12-5-lpm-34076in-4nd?skuId=34076IN-4ND-CP
34076IN-4ND-CP,CAD Drawing,DXF,https://techcomm.kohler.com/techcomm/cad/34076in_4ndfrt.dxf,https://www.kohler.co.in/p/apt-curv-wall-mount-bathroom-sink-faucet-12-5-lpm-34076in-4nd?skuId=34076IN-4ND-CP
34076IN-4ND-CP,CAD Drawing,DWG,https://techcomm.kohler.com/techcomm/cad/34076in_4ndfrt.dwg,https://www.kohler.co.in/p/apt-curv-wall-mount-bathroom-sink-faucet-12-5-lpm-34076in-4nd?skuId=34076IN-4ND-CP
34076IN-4ND-CP,CAD Drawing,DXF,https://techcomm.kohler.com/techcomm/cad/34076in_4ndsde.dxf,https://www.kohler.co.in/p/apt-curv-wall-mount-bathroom-sink-faucet-12-5-lpm-34076in-4nd?skuId=34076IN-4ND-CP
34076IN-4ND-CP,CAD Drawing,DWG,https://techcomm.kohler.com/techcomm/cad/34076in_4ndsde.dwg,https://www.kohler.co.in/p/apt-curv-wall-mount-bathroom-sink-faucet-12-5-lpm-34076in-4nd?skuId=34076IN-4ND-CP
34076IN-4ND-CP,CAD Drawing,DXF,https://techcomm.kohler.com/techcomm/cad/34076IN-4ND.dxf,https://www.kohler.co.in/p/apt-curv-wall-mount-bathroom-sink-faucet-12-5-lpm-34076in-4nd?skuId=34076IN-4ND-CP
34076IN-4ND-CP,CAD Drawing,DWG,https://techcomm.kohler.com/techcomm/cad/34076IN-4ND.dwg,https://www.kohler.co.in/p/apt-curv-wall-mount-bathroom-sink-faucet-12-5-lpm-34076in-4nd?skuId=34076IN-4ND-CP
34076IN-4ND-CP,Spec Sheet,PDF,https://techcomm.kohler.com/techcomm/pdf/K-34076IN-4ND_spec_IN_Kohler_en.pdf,https://www.kohler.co.in/p/apt-curv-wall-mount-bathroom-sink-faucet-12-5-lpm-34076in-4nd?skuId=34076IN-4ND-CP
34076IN-4ND-CP,Installation,PDF,https://techcomm.kohler.com/techcomm/pdf/1602897-IN2.pdf,https://www.kohler.co.in/p/apt-curv-wall-mount-bathroom-sink-faucet-12-5-lpm-34076in-4nd?skuId=34076IN-4ND-CP
34076IN-4ND-CP,Installation,PDF,https://techcomm.kohler.com/techcomm/pdf/1602898-IN2.pdf,https://www.kohler.co.in/p/apt-curv-wall-mount-bathroom-sink-faucet-12-5-lpm-34076in-4nd?skuId=34076IN-4ND-CP
29199IN-4ND-RGD,3D Model,OBJ,https://techcomm.kohler.com/techcomm/cad/29199IN-4ND.obj,https://www.kohler.co.in/p/modernlife-edge-wm-lav-faucet-trim-valve-29199in-4nd?skuId=29199IN-4ND-RGD
29199IN-4ND-RGD,3D Model,SKP,https://techcomm.kohler.com/techcomm/cad/29199IN-4ND.skp,https://www.kohler.co.in/p/modernlife-edge-wm-lav-faucet-trim-valve-29199in-4nd?skuId=29199IN-4ND-RGD
29199IN-4ND-RGD,3D Model,3DS,https://techcomm.kohler.com/techcomm/cad/29199IN-4ND.3ds,https://www.kohler.co.in/p/modernlife-edge-wm-lav-faucet-trim-valve-29199in-4nd?skuId=29199IN-4ND-RGD
29199IN-4ND-RGD,CAD Drawing,DXF,https://techcomm.kohler.com/techcomm/cad/29199in_4ndpln.dxf,https://www.kohler.co.in/p/modernlife-edge-wm-lav-faucet-trim-valve-29199in-4nd?skuId=29199IN-4ND-RGD
29199IN-4ND-RGD,CAD Drawing,DWG,https://techcomm.kohler.com/techcomm/cad/29199in_4ndpln.dwg,https://www.kohler.co.in/p/modernlife-edge-wm-lav-faucet-trim-valve-29199in-4nd?skuId=29199IN-4ND-RGD
29199IN-4ND-RGD,CAD Drawing,DXF,https://techcomm.kohler.com/techcomm/cad/29199in_4ndfrt.dxf,https://www.kohler.co.in/p/modernlife-edge-wm-lav-faucet-trim-valve-29199in-4nd?skuId=29199IN-4ND-RGD
29199IN-4ND-RGD,CAD Drawing,DWG,https://techcomm.kohler.com/techcomm/cad/29199in_4ndfrt.dwg,https://www.kohler.co.in/p/modernlife-edge-wm-lav-faucet-trim-valve-29199in-4nd?skuId=29199IN-4ND-RGD
29199IN-4ND-RGD,CAD Drawing,DXF,https://techcomm.kohler.com/techcomm/cad/29199in_4ndsde.dxf,https://www.kohler.co.in/p/modernlife-edge-wm-lav-faucet-trim-valve-29199in-4nd?skuId=29199IN-4ND-RGD
29199IN-4ND-RGD,CAD Drawing,DWG,https://techcomm.kohler.com/techcomm/cad/29199in_4ndsde.dwg,https://www.kohler.co.in/p/modernlife-edge-wm-lav-faucet-trim-valve-29199in-4nd?skuId=29199IN-4ND-RGD
29199IN-4ND-RGD,CAD Drawing,DXF,https://techcomm.kohler.com/techcomm/cad/29199IN-4ND.dxf,https://www.kohler.co.in/p/modernlife-edge-wm-lav-faucet-trim-valve-29199in-4nd?skuId=29199IN-4ND-RGD
29199IN-4ND-RGD,CAD Drawing,DWG,https://techcomm.kohler.com/techcomm/cad/29199IN-4ND.dwg,https://www.kohler.co.in/p/modernlife-edge-wm-lav-faucet-trim-valve-29199in-4nd?skuId=29199IN-4ND-RGD
29199IN-4ND-RGD,Spec Sheet,PDF,https://techcomm.kohler.com/techcomm/pdf/K-29199IN-4ND_spec_IN_Kohler_en.pdf,https://www.kohler.co.in/p/modernlife-edge-wm-lav-faucet-trim-valve-29199in-4nd?skuId=29199IN-4ND-RGD
29199IN-ECH-RGD,3D Model,OBJ,https://techcomm.kohler.com/techcomm/cad/29199IN-ECH.obj,https://www.kohler.co.in/p/modernlife-edge-wall-mount-bathroom-sink-faucet-with-decorative-handle-7-6-lpm-29199in-ech?skuId=29199IN-ECH-RGD
29199IN-ECH-RGD,3D Model,SKP,https://techcomm.kohler.com/techcomm/cad/29199IN-ECH.skp,https://www.kohler.co.in/p/modernlife-edge-wall-mount-bathroom-sink-faucet-with-decorative-handle-7-6-lpm-29199in-ech?skuId=29199IN-ECH-RGD
29199IN-ECH-RGD,3D Model,3DS,https://techcomm.kohler.com/techcomm/cad/29199IN-ECH.3ds,https://www.kohler.co.in/p/modernlife-edge-wall-mount-bathroom-sink-faucet-with-decorative-handle-7-6-lpm-29199in-ech?skuId=29199IN-ECH-RGD
29199IN-ECH-RGD,3D Model,RFA,https://techcomm.kohler.com/techcomm/cad/Faucet-Wall_Mount-Lavatory-KOHLER-Modernlife_Edge-K-29199IN.rfa,https://www.kohler.co.in/p/modernlife-edge-wall-mount-bathroom-sink-faucet-with-decorative-handle-7-6-lpm-29199in-ech?skuId=29199IN-ECH-RGD
29199IN-ECH-RGD,CAD Drawing,DXF,https://techcomm.kohler.com/techcomm/cad/29199in_echpln.dxf,https://www.kohler.co.in/p/modernlife-edge-wall-mount-bathroom-sink-faucet-with-decorative-handle-7-6-lpm-29199in-ech?skuId=29199IN-ECH-RGD
29199IN-ECH-RGD,CAD Drawing,DWG,https://techcomm.kohler.com/techcomm/cad/29199in_echpln.dwg,https://www.kohler.co.in/p/modernlife-edge-wall-mount-bathroom-sink-faucet-with-decorative-handle-7-6-lpm-29199in-ech?skuId=29199IN-ECH-RGD
29199IN-ECH-RGD,CAD Drawing,DXF,https://techcomm.kohler.com/techcomm/cad/29199in_echfrt.dxf,https://www.kohler.co.in/p/modernlife-edge-wall-mount-bathroom-sink-faucet-with-decorative-handle-7-6-lpm-29199in-ech?skuId=29199IN-ECH-RGD
29199IN-ECH-RGD,CAD Drawing,DWG,https://techcomm.kohler.com/techcomm/cad/29199in_echfrt.dwg,https://www.kohler.co.in/p/modernlife-edge-wall-mount-bathroom-sink-faucet-with-decorative-handle-7-6-lpm-29199in-ech?skuId=29199IN-ECH-RGD
29199IN-ECH-RGD,CAD Drawing,DXF,https://techcomm.kohler.com/techcomm/cad/29199in_echsde.dxf,https://www.kohler.co.in/p/modernlife-edge-wall-mount-bathroom-sink-faucet-with-decorative-handle-7-6-lpm-29199in-ech?skuId=29199IN-ECH-RGD
29199IN-ECH-RGD,CAD Drawing,DWG,https://techcomm.kohler.com/techcomm/cad/29199in_echsde.dwg,https://www.kohler.co.in/p/modernlife-edge-wall-mount-bathroom-sink-faucet-with-decorative-handle-7-6-lpm-29199in-ech?skuId=29199IN-ECH-RGD
29199IN-ECH-RGD,CAD Drawing,DXF,https://techcomm.kohler.com/techcomm/cad/29199IN-ECH.dxf,https://www.kohler.co.in/p/modernlife-edge-wall-mount-bathroom-sink-faucet-with-decorative-handle-7-6-lpm-29199in-ech?skuId=29199IN-ECH-RGD
29199IN-ECH-RGD,CAD Drawing,DWG,https://techcomm.kohler.com/techcomm/cad/29199IN-ECH.dwg,https://www.kohler.co.in/p/modernlife-edge-wall-mount-bathroom-sink-faucet-with-decorative-handle-7-6-lpm-29199in-ech?skuId=29199IN-ECH-RGD
29199IN-ECH-RGD,Spec Sheet,PDF,https://techcomm.kohler.com/techcomm/pdf/K-29199IN-ECH_spec_IN_Kohler_en.pdf,https://www.kohler.co.in/p/modernlife-edge-wall-mount-bathroom-sink-faucet-with-decorative-handle-7-6-lpm-29199in-ech?skuId=29199IN-ECH-RGD
EX27102T-4-2MB,3D Model,OBJ,https://techcomm.kohler.com/techcomm/cad/EX27102T-4.obj,https://www.kohler.co.in/p/occasion-wall-mount-single-handle-bathroom-sink-faucet-8-3-lpm-ex27102t-4?skuId=EX27102T-4-2MB
EX27102T-4-2MB,3D Model,SKP,https://techcomm.kohler.com/techcomm/cad/EX27102T-4.skp,https://www.kohler.co.in/p/occasion-wall-mount-single-handle-bathroom-sink-faucet-8-3-lpm-ex27102t-4?skuId=EX27102T-4-2MB
EX27102T-4-2MB,3D Model,3DS,https://techcomm.kohler.com/techcomm/cad/EX27102T-4.3ds,https://www.kohler.co.in/p/occasion-wall-mount-single-handle-bathroom-sink-faucet-8-3-lpm-ex27102t-4?skuId=EX27102T-4-2MB
EX27102T-4-2MB,3D Model,RFA,https://techcomm.kohler.com/techcomm/cad/Faucet-Wall_Mount-Lavatory-KOHLER-OCCASION-K-EX27102T.zip,https://www.kohler.co.in/p/occasion-wall-mount-single-handle-bathroom-sink-faucet-8-3-lpm-ex27102t-4?skuId=EX27102T-4-2MB
EX27102T-4-2MB,CAD Drawing,DXF,https://techcomm.kohler.com/techcomm/cad/ex27102t_4pln.dxf,https://www.kohler.co.in/p/occasion-wall-mount-single-handle-bathroom-sink-faucet-8-3-lpm-ex27102t-4?skuId=EX27102T-4-2MB
EX27102T-4-2MB,CAD Drawing,DWG,https://techcomm.kohler.com/techcomm/cad/ex27102t_4pln.dwg,https://www.kohler.co.in/p/occasion-wall-mount-single-handle-bathroom-sink-faucet-8-3-lpm-ex27102t-4?skuId=EX27102T-4-2MB
EX27102T-4-2MB,CAD Drawing,DXF,https://techcomm.kohler.com/techcomm/cad/ex27102t_4frt.dxf,https://www.kohler.co.in/p/occasion-wall-mount-single-handle-bathroom-sink-faucet-8-3-lpm-ex27102t-4?skuId=EX27102T-4-2MB
EX27102T-4-2MB,CAD Drawing,DWG,https://techcomm.kohler.com/techcomm/cad/ex27102t_4frt.dwg,https://www.kohler.co.in/p/occasion-wall-mount-single-handle-bathroom-sink-faucet-8-3-lpm-ex27102t-4?skuId=EX27102T-4-2MB
EX27102T-4-2MB,CAD Drawing,DXF,https://techcomm.kohler.com/techcomm/cad/ex27102t_4sde.dxf,https://www.kohler.co.in/p/occasion-wall-mount-single-handle-bathroom-sink-faucet-8-3-lpm-ex27102t-4?skuId=EX27102T-4-2MB
EX27102T-4-2MB,CAD Drawing,DWG,https://techcomm.kohler.com/techcomm/cad/ex27102t_4sde.dwg,https://www.kohler.co.in/p/occasion-wall-mount-single-handle-bathroom-sink-faucet-8-3-lpm-ex27102t-4?skuId=EX27102T-4-2MB
EX27102T-4-2MB,CAD Drawing,DXF,https://techcomm.kohler.com/techcomm/cad/EX27102T-4.dxf,https://www.kohler.co.in/p/occasion-wall-mount-single-handle-bathroom-sink-faucet-8-3-lpm-ex27102t-4?skuId=EX27102T-4-2MB
EX27102T-4-2MB,CAD Drawing,DWG,https://techcomm.kohler.com/techcomm/cad/EX27102T-4.dwg,https://www.kohler.co.in/p/occasion-wall-mount-single-handle-bathroom-sink-faucet-8-3-lpm-ex27102t-4?skuId=EX27102T-4-2MB
EX27102T-4-2MB,Spec Sheet,PDF,https://techcomm.kohler.com/techcomm/pdf/K-EX27102T-4_spec_CN_Kohler_en.pdf,https://www.kohler.co.in/p/occasion-wall-mount-single-handle-bathroom-sink-faucet-8-3-lpm-ex27102t-4?skuId=EX27102T-4-2MB
EX27102T-4-2MB,Spec Sheet,PDF,https://techcomm.kohler.com/techcomm/pdf/K-EX27102T-4_spec_IN_Kohler_en.pdf,https://www.kohler.co.in/p/occasion-wall-mount-single-handle-bathroom-sink-faucet-8-3-lpm-ex27102t-4?skuId=EX27102T-4-2MB
EX27102T-4-2MB,Installation,PDF,https://techcomm.kohler.com/techcomm/pdf/1425622-2-C(EX27102T-4).pdf,https://www.kohler.co.in/p/occasion-wall-mount-single-handle-bathroom-sink-faucet-8-3-lpm-ex27102t-4?skuId=EX27102T-4-2MB
25148IN-4ND-CP,3D Model,OBJ,https://techcomm.kohler.com/techcomm/cad/25148IN-4ND.obj,https://www.kohler.co.in/p/beam-wall-mount-cold-only-trim-without-drain-25148in-4nd?skuId=25148IN-4ND-CP
25148IN-4ND-CP,3D Model,SKP,https://techcomm.kohler.com/techcomm/cad/25148IN-4ND.skp,https://www.kohler.co.in/p/beam-wall-mount-cold-only-trim-without-drain-25148in-4nd?skuId=25148IN-4ND-CP
25148IN-4ND-CP,3D Model,3DS,https://techcomm.kohler.com/techcomm/cad/25148IN-4ND.3ds,https://www.kohler.co.in/p/beam-wall-mount-cold-only-trim-without-drain-25148in-4nd?skuId=25148IN-4ND-CP
25148IN-4ND-CP,3D Model,RFA,https://techcomm.kohler.com/techcomm/cad/Faucet-Wall_Mount-Lavatory-KOHLER-Beam-K-25148IN.rfa,https://www.kohler.co.in/p/beam-wall-mount-cold-only-trim-without-drain-25148in-4nd?skuId=25148IN-4ND-CP
25148IN-4ND-CP,CAD Drawing,DXF,https://techcomm.kohler.com/techcomm/cad/25148in_4ndpln.dxf,https://www.kohler.co.in/p/beam-wall-mount-cold-only-trim-without-drain-25148in-4nd?skuId=25148IN-4ND-CP
25148IN-4ND-CP,CAD Drawing,DWG,https://techcomm.kohler.com/techcomm/cad/25148in_4ndpln.dwg,https://www.kohler.co.in/p/beam-wall-mount-cold-only-trim-without-drain-25148in-4nd?skuId=25148IN-4ND-CP
25148IN-4ND-CP,CAD Drawing,DXF,https://techcomm.kohler.com/techcomm/cad/25148in_4ndfrt.dxf,https://www.kohler.co.in/p/beam-wall-mount-cold-only-trim-without-drain-25148in-4nd?skuId=25148IN-4ND-CP
25148IN-4ND-CP,CAD Drawing,DWG,https://techcomm.kohler.com/techcomm/cad/25148in_4ndfrt.dwg,https://www.kohler.co.in/p/beam-wall-mount-cold-only-trim-without-drain-25148in-4nd?skuId=25148IN-4ND-CP
25148IN-4ND-CP,CAD Drawing,DXF,https://techcomm.kohler.com/techcomm/cad/25148in_4ndsde.dxf,https://www.kohler.co.in/p/beam-wall-mount-cold-only-trim-without-drain-25148in-4nd?skuId=25148IN-4ND-CP
25148IN-4ND-CP,CAD Drawing,DWG,https://techcomm.kohler.com/techcomm/cad/25148in_4ndsde.dwg,https://www.kohler.co.in/p/beam-wall-mount-cold-only-trim-without-drain-25148in-4nd?skuId=25148IN-4ND-CP
25148IN-4ND-CP,CAD Drawing,DXF,https://techcomm.kohler.com/techcomm/cad/25148IN-4ND.dxf,https://www.kohler.co.in/p/beam-wall-mount-cold-only-trim-without-drain-25148in-4nd?skuId=25148IN-4ND-CP
25148IN-4ND-CP,CAD Drawing,DWG,https://techcomm.kohler.com/techcomm/cad/25148IN-4ND.dwg,https://www.kohler.co.in/p/beam-wall-mount-cold-only-trim-without-drain-25148in-4nd?skuId=25148IN-4ND-CP
25148IN-4ND-CP,Installation,PDF,https://techcomm.kohler.com/techcomm/pdf/1393321-IN2.pdf,https://www.kohler.co.in/p/beam-wall-mount-cold-only-trim-without-drain-25148in-4nd?skuId=25148IN-4ND-CP
22540IN-4AND-CP,Spec Sheet,PDF,https://techcomm.kohler.com/techcomm/pdf/K-22540IN-4AND_spec_IN_Kohler_en.pdf,https://www.kohler.co.in/p/hone-wall-mount-bathroom-sink-faucet-8-3-lpm-22540in-4and?skuId=22540IN-4AND-CP
22540IN-4AND-CP,Installation,PDF,https://techcomm.kohler.com/techcomm/pdf/1637356-IN2.pdf,https://www.kohler.co.in/p/hone-wall-mount-bathroom-sink-faucet-8-3-lpm-22540in-4and?skuId=22540IN-4AND-CP
22540IN-4AND-CP,Parts,PDF,https://techcomm.kohler.com/techcomm/pdf/1653787-IN8.pdf,https://www.kohler.co.in/p/hone-wall-mount-bathroom-sink-faucet-8-3-lpm-22540in-4and?skuId=22540IN-4AND-CP
33103IN-4ND-CP,3D Model,OBJ,https://techcomm.kohler.com/techcomm/cad/33103IN-4ND.obj,https://www.kohler.co.in/p/accliv-wall-mount-single-handle-bathroom-sink-faucet-trim-cold-only-9-0-lpm-33103in-4nd?skuId=33103IN-4ND-CP
33103IN-4ND-CP,3D Model,SKP,https://techcomm.kohler.com/techcomm/cad/33103IN-4ND.skp,https://www.kohler.co.in/p/accliv-wall-mount-single-handle-bathroom-sink-faucet-trim-cold-only-9-0-lpm-33103in-4nd?skuId=33103IN-4ND-CP
33103IN-4ND-CP,3D Model,3DS,https://techcomm.kohler.com/techcomm/cad/33103IN-4ND.3ds,https://www.kohler.co.in/p/accliv-wall-mount-single-handle-bathroom-sink-faucet-trim-cold-only-9-0-lpm-33103in-4nd?skuId=33103IN-4ND-CP
33103IN-4ND-CP,3D Model,RFA,https://techcomm.kohler.com/techcomm/cad/Faucet-Wall_Mount-Lavatory-KOHLER-Accliv-K-33103IN.rfa,https://www.kohler.co.in/p/accliv-wall-mount-single-handle-bathroom-sink-faucet-trim-cold-only-9-0-lpm-33103in-4nd?skuId=33103IN-4ND-CP
33103IN-4ND-CP,CAD Drawing,DXF,https://techcomm.kohler.com/techcomm/cad/33103in_4ndpln.dxf,https://www.kohler.co.in/p/accliv-wall-mount-single-handle-bathroom-sink-faucet-trim-cold-only-9-0-lpm-33103in-4nd?skuId=33103IN-4ND-CP
33103IN-4ND-CP,CAD Drawing,DWG,https://techcomm.kohler.com/techcomm/cad/33103in_4ndpln.dwg,https://www.kohler.co.in/p/accliv-wall-mount-single-handle-bathroom-sink-faucet-trim-cold-only-9-0-lpm-33103in-4nd?skuId=33103IN-4ND-CP
33103IN-4ND-CP,CAD Drawing,DXF,https://techcomm.kohler.com/techcomm/cad/33103in_4ndfrt.dxf,https://www.kohler.co.in/p/accliv-wall-mount-single-handle-bathroom-sink-faucet-trim-cold-only-9-0-lpm-33103in-4nd?skuId=33103IN-4ND-CP
33103IN-4ND-CP,CAD Drawing,DWG,https://techcomm.kohler.com/techcomm/cad/33103in_4ndfrt.dwg,https://www.kohler.co.in/p/accliv-wall-mount-single-handle-bathroom-sink-faucet-trim-cold-only-9-0-lpm-33103in-4nd?skuId=33103IN-4ND-CP
33103IN-4ND-CP,CAD Drawing,DXF,https://techcomm.kohler.com/techcomm/cad/33103in_4ndsde.dxf,https://www.kohler.co.in/p/accliv-wall-mount-single-handle-bathroom-sink-faucet-trim-cold-only-9-0-lpm-33103in-4nd?skuId=33103IN-4ND-CP
33103IN-4ND-CP,CAD Drawing,DWG,https://techcomm.kohler.com/techcomm/cad/33103in_4ndsde.dwg,https://www.kohler.co.in/p/accliv-wall-mount-single-handle-bathroom-sink-faucet-trim-cold-only-9-0-lpm-33103in-4nd?skuId=33103IN-4ND-CP
33103IN-4ND-CP,CAD Drawing,DXF,https://techcomm.kohler.com/techcomm/cad/33103IN-4ND.dxf,https://www.kohler.co.in/p/accliv-wall-mount-single-handle-bathroom-sink-faucet-trim-cold-only-9-0-lpm-33103in-4nd?skuId=33103IN-4ND-CP
33103IN-4ND-CP,CAD Drawing,DWG,https://techcomm.kohler.com/techcomm/cad/33103IN-4ND.dwg,https://www.kohler.co.in/p/accliv-wall-mount-single-handle-bathroom-sink-faucet-trim-cold-only-9-0-lpm-33103in-4nd?skuId=33103IN-4ND-CP
33103IN-4ND-CP,Spec Sheet,PDF,https://techcomm.kohler.com/techcomm/pdf/K-33103IN-4ND_spec_IN_Kohler_en.pdf,https://www.kohler.co.in/p/accliv-wall-mount-single-handle-bathroom-sink-faucet-trim-cold-only-9-0-lpm-33103in-4nd?skuId=33103IN-4ND-CP
33103IN-4ND-CP,Installation,PDF,https://techcomm.kohler.com/techcomm/pdf/1472378-IN2.pdf,https://www.kohler.co.in/p/accliv-wall-mount-single-handle-bathroom-sink-faucet-trim-cold-only-9-0-lpm-33103in-4nd?skuId=33103IN-4ND-CP
27483IN-4ND-CP,3D Model,OBJ,https://techcomm.kohler.com/techcomm/cad/27483IN-4ND.obj,https://www.kohler.co.in/p/fore-arc-single-control-wall-mount-lav-faucet-trim-without-drain-27483in-4nd?skuId=27483IN-4ND-CP
27483IN-4ND-CP,3D Model,SKP,https://techcomm.kohler.com/techcomm/cad/27483IN-4ND.skp,https://www.kohler.co.in/p/fore-arc-single-control-wall-mount-lav-faucet-trim-without-drain-27483in-4nd?skuId=27483IN-4ND-CP
27483IN-4ND-CP,3D Model,3DS,https://techcomm.kohler.com/techcomm/cad/27483IN-4ND.3ds,https://www.kohler.co.in/p/fore-arc-single-control-wall-mount-lav-faucet-trim-without-drain-27483in-4nd?skuId=27483IN-4ND-CP
27483IN-4ND-CP,3D Model,RFA,https://techcomm.kohler.com/techcomm/cad/Faucet-Wall_Mount-Lavatory-KOHLER-Fore-K-27483IN.rfa,https://www.kohler.co.in/p/fore-arc-single-control-wall-mount-lav-faucet-trim-without-drain-27483in-4nd?skuId=27483IN-4ND-CP
27483IN-4ND-CP,CAD Drawing,DXF,https://techcomm.kohler.com/techcomm/cad/27483in_4ndpln.dxf,https://www.kohler.co.in/p/fore-arc-single-control-wall-mount-lav-faucet-trim-without-drain-27483in-4nd?skuId=27483IN-4ND-CP
27483IN-4ND-CP,CAD Drawing,DWG,https://techcomm.kohler.com/techcomm/cad/27483in_4ndpln.dwg,https://www.kohler.co.in/p/fore-arc-single-control-wall-mount-lav-faucet-trim-without-drain-27483in-4nd?skuId=27483IN-4ND-CP
27483IN-4ND-CP,CAD Drawing,DXF,https://techcomm.kohler.com/techcomm/cad/27483in_4ndfrt.dxf,https://www.kohler.co.in/p/fore-arc-single-control-wall-mount-lav-faucet-trim-without-drain-27483in-4nd?skuId=27483IN-4ND-CP
27483IN-4ND-CP,CAD Drawing,DWG,https://techcomm.kohler.com/techcomm/cad/27483in_4ndfrt.dwg,https://www.kohler.co.in/p/fore-arc-single-control-wall-mount-lav-faucet-trim-without-drain-27483in-4nd?skuId=27483IN-4ND-CP
27483IN-4ND-CP,CAD Drawing,DXF,https://techcomm.kohler.com/techcomm/cad/27483in_4ndsde.dxf,https://www.kohler.co.in/p/fore-arc-single-control-wall-mount-lav-faucet-trim-without-drain-27483in-4nd?skuId=27483IN-4ND-CP
27483IN-4ND-CP,CAD Drawing,DWG,https://techcomm.kohler.com/techcomm/cad/27483in_4ndsde.dwg,https://www.kohler.co.in/p/fore-arc-single-control-wall-mount-lav-faucet-trim-without-drain-27483in-4nd?skuId=27483IN-4ND-CP
27483IN-4ND-CP,CAD Drawing,DXF,https://techcomm.kohler.com/techcomm/cad/27483IN-4ND.dxf,https://www.kohler.co.in/p/fore-arc-single-control-wall-mount-lav-faucet-trim-without-drain-27483in-4nd?skuId=27483IN-4ND-CP
27483IN-4ND-CP,CAD Drawing,DWG,https://techcomm.kohler.com/techcomm/cad/27483IN-4ND.dwg,https://www.kohler.co.in/p/fore-arc-single-control-wall-mount-lav-faucet-trim-without-drain-27483in-4nd?skuId=27483IN-4ND-CP
27483IN-4ND-CP,Spec Sheet,PDF,https://techcomm.kohler.com/techcomm/pdf/K-27483IN-4ND_spec_IN_Kohler_en.pdf,https://www.kohler.co.in/p/fore-arc-single-control-wall-mount-lav-faucet-trim-without-drain-27483in-4nd?skuId=27483IN-4ND-CP
27483IN-4ND-CP,Installation,PDF,https://techcomm.kohler.com/techcomm/pdf/1465926-IN2.pdf,https://www.kohler.co.in/p/fore-arc-single-control-wall-mount-lav-faucet-trim-without-drain-27483in-4nd?skuId=27483IN-4ND-CP
27488IN-4ND-CP,3D Model,OBJ,https://techcomm.kohler.com/techcomm/cad/27488IN-4ND.obj,https://www.kohler.co.in/p/fore-line-wall-mount-cold-only-trim-assy-27488in-4nd?skuId=27488IN-4ND-CP
27488IN-4ND-CP,3D Model,SKP,https://techcomm.kohler.com/techcomm/cad/27488IN-4ND.skp,https://www.kohler.co.in/p/fore-line-wall-mount-cold-only-trim-assy-27488in-4nd?skuId=27488IN-4ND-CP
27488IN-4ND-CP,3D Model,3DS,https://techcomm.kohler.com/techcomm/cad/27488IN-4ND.3ds,https://www.kohler.co.in/p/fore-line-wall-mount-cold-only-trim-assy-27488in-4nd?skuId=27488IN-4ND-CP
27488IN-4ND-CP,3D Model,RFA,https://techcomm.kohler.com/techcomm/cad/Faucet-Wall_Mount-Lavatory-KOHLER-Fore-K-27488IN.rfa,https://www.kohler.co.in/p/fore-line-wall-mount-cold-only-trim-assy-27488in-4nd?skuId=27488IN-4ND-CP
27488IN-4ND-CP,CAD Drawing,DXF,https://techcomm.kohler.com/techcomm/cad/27488in_4ndpln.dxf,https://www.kohler.co.in/p/fore-line-wall-mount-cold-only-trim-assy-27488in-4nd?skuId=27488IN-4ND-CP
27488IN-4ND-CP,CAD Drawing,DWG,https://techcomm.kohler.com/techcomm/cad/27488in_4ndpln.dwg,https://www.kohler.co.in/p/fore-line-wall-mount-cold-only-trim-assy-27488in-4nd?skuId=27488IN-4ND-CP
27488IN-4ND-CP,CAD Drawing,DXF,https://techcomm.kohler.com/techcomm/cad/27488in_4ndfrt.dxf,https://www.kohler.co.in/p/fore-line-wall-mount-cold-only-trim-assy-27488in-4nd?skuId=27488IN-4ND-CP
27488IN-4ND-CP,CAD Drawing,DWG,https://techcomm.kohler.com/techcomm/cad/27488in_4ndfrt.dwg,https://www.kohler.co.in/p/fore-line-wall-mount-cold-only-trim-assy-27488in-4nd?skuId=27488IN-4ND-CP
27488IN-4ND-CP,CAD Drawing,DXF,https://techcomm.kohler.com/techcomm/cad/27488in_4ndsde.dxf,https://www.kohler.co.in/p/fore-line-wall-mount-cold-only-trim-assy-27488in-4nd?skuId=27488IN-4ND-CP
27488IN-4ND-CP,CAD Drawing,DWG,https://techcomm.kohler.com/techcomm/cad/27488in_4ndsde.dwg,https://www.kohler.co.in/p/fore-line-wall-mount-cold-only-trim-assy-27488in-4nd?skuId=27488IN-4ND-CP
27488IN-4ND-CP,CAD Drawing,DXF,https://techcomm.kohler.com/techcomm/cad/27488IN-4ND.dxf,https://www.kohler.co.in/p/fore-line-wall-mount-cold-only-trim-assy-27488in-4nd?skuId=27488IN-4ND-CP
27488IN-4ND-CP,CAD Drawing,DWG,https://techcomm.kohler.com/techcomm/cad/27488IN-4ND.dwg,https://www.kohler.co.in/p/fore-line-wall-mount-cold-only-trim-assy-27488in-4nd?skuId=27488IN-4ND-CP
27488IN-4ND-CP,Spec Sheet,PDF,https://techcomm.kohler.com/techcomm/pdf/K-27488IN-4ND_spec_IN_Kohler_en.pdf,https://www.kohler.co.in/p/fore-line-wall-mount-cold-only-trim-assy-27488in-4nd?skuId=27488IN-4ND-CP
27487IN-4ND-CP,3D Model,OBJ,https://techcomm.kohler.com/techcomm/cad/27487IN-4ND.obj,https://www.kohler.co.in/p/fore-tri-wall-mount-cold-only-trim-assy-27487in-4nd?skuId=27487IN-4ND-CP
27487IN-4ND-CP,3D Model,SKP,https://techcomm.kohler.com/techcomm/cad/27487IN-4ND.skp,https://www.kohler.co.in/p/fore-tri-wall-mount-cold-only-trim-assy-27487in-4nd?skuId=27487IN-4ND-CP
27487IN-4ND-CP,3D Model,3DS,https://techcomm.kohler.com/techcomm/cad/27487IN-4ND.3ds,https://www.kohler.co.in/p/fore-tri-wall-mount-cold-only-trim-assy-27487in-4nd?skuId=27487IN-4ND-CP
27487IN-4ND-CP,3D Model,RFA,https://techcomm.kohler.com/techcomm/cad/Faucet-Wall_Mount-Lavatory-KOHLER-Ore-K-27487IN.rfa,https://www.kohler.co.in/p/fore-tri-wall-mount-cold-only-trim-assy-27487in-4nd?skuId=27487IN-4ND-CP
27487IN-4ND-CP,CAD Drawing,DXF,https://techcomm.kohler.com/techcomm/cad/27487in_4ndpln.dxf,https://www.kohler.co.in/p/fore-tri-wall-mount-cold-only-trim-assy-27487in-4nd?skuId=27487IN-4ND-CP
27487IN-4ND-CP,CAD Drawing,DWG,https://techcomm.kohler.com/techcomm/cad/27487in_4ndpln.dwg,https://www.kohler.co.in/p/fore-tri-wall-mount-cold-only-trim-assy-27487in-4nd?skuId=27487IN-4ND-CP
27487IN-4ND-CP,CAD Drawing,DXF,https://techcomm.kohler.com/techcomm/cad/27487in_4ndfrt.dxf,https://www.kohler.co.in/p/fore-tri-wall-mount-cold-only-trim-assy-27487in-4nd?skuId=27487IN-4ND-CP
27487IN-4ND-CP,CAD Drawing,DWG,https://techcomm.kohler.com/techcomm/cad/27487in_4ndfrt.dwg,https://www.kohler.co.in/p/fore-tri-wall-mount-cold-only-trim-assy-27487in-4nd?skuId=27487IN-4ND-CP
27487IN-4ND-CP,CAD Drawing,DXF,https://techcomm.kohler.com/techcomm/cad/27487in_4ndsde.dxf,https://www.kohler.co.in/p/fore-tri-wall-mount-cold-only-trim-assy-27487in-4nd?skuId=27487IN-4ND-CP
27487IN-4ND-CP,CAD Drawing,DWG,https://techcomm.kohler.com/techcomm/cad/27487in_4ndsde.dwg,https://www.kohler.co.in/p/fore-tri-wall-mount-cold-only-trim-assy-27487in-4nd?skuId=27487IN-4ND-CP
27487IN-4ND-CP,CAD Drawing,DXF,https://techcomm.kohler.com/techcomm/cad/27487IN-4ND.dxf,https://www.kohler.co.in/p/fore-tri-wall-mount-cold-only-trim-assy-27487in-4nd?skuId=27487IN-4ND-CP
27487IN-4ND-CP,CAD Drawing,DWG,https://techcomm.kohler.com/techcomm/cad/27487IN-4ND.dwg,https://www.kohler.co.in/p/fore-tri-wall-mount-cold-only-trim-assy-27487in-4nd?skuId=27487IN-4ND-CP
27487IN-4ND-CP,Spec Sheet,PDF,https://techcomm.kohler.com/techcomm/pdf/K-27487IN-4ND_spec_IN_Kohler_en.pdf,https://www.kohler.co.in/p/fore-tri-wall-mount-cold-only-trim-assy-27487in-4nd?skuId=27487IN-4ND-CP
39560IN-ND-CP,3D Model,OBJ,https://techcomm.kohler.com/techcomm/cad/39560IN-ND.obj,https://www.kohler.co.in/p/components-touchless-wall-mount-195-mm-lavatory-faucet-with-kinesis-sensor-technology-1-9-lpm-39560in-nd?skuId=39560IN-ND-CP
39560IN-ND-CP,3D Model,SKP,https://techcomm.kohler.com/techcomm/cad/39560IN-ND.skp,https://www.kohler.co.in/p/components-touchless-wall-mount-195-mm-lavatory-faucet-with-kinesis-sensor-technology-1-9-lpm-39560in-nd?skuId=39560IN-ND-CP
39560IN-ND-CP,3D Model,3DS,https://techcomm.kohler.com/techcomm/cad/39560IN-ND.3ds,https://www.kohler.co.in/p/components-touchless-wall-mount-195-mm-lavatory-faucet-with-kinesis-sensor-technology-1-9-lpm-39560in-nd?skuId=39560IN-ND-CP
39560IN-ND-CP,3D Model,RFA,https://techcomm.kohler.com/techcomm/cad/Faucet-Touchless-Wall_Mount-Lavatory-KOHLER-Components-K-39560IN.rfa,https://www.kohler.co.in/p/components-touchless-wall-mount-195-mm-lavatory-faucet-with-kinesis-sensor-technology-1-9-lpm-39560in-nd?skuId=39560IN-ND-CP
39560IN-ND-CP,CAD Drawing,DXF,https://techcomm.kohler.com/techcomm/cad/39560in_ndpln.dxf,https://www.kohler.co.in/p/components-touchless-wall-mount-195-mm-lavatory-faucet-with-kinesis-sensor-technology-1-9-lpm-39560in-nd?skuId=39560IN-ND-CP
39560IN-ND-CP,CAD Drawing,DWG,https://techcomm.kohler.com/techcomm/cad/39560in_ndpln.dwg,https://www.kohler.co.in/p/components-touchless-wall-mount-195-mm-lavatory-faucet-with-kinesis-sensor-technology-1-9-lpm-39560in-nd?skuId=39560IN-ND-CP
39560IN-ND-CP,CAD Drawing,DXF,https://techcomm.kohler.com/techcomm/cad/39560in_ndfrt.dxf,https://www.kohler.co.in/p/components-touchless-wall-mount-195-mm-lavatory-faucet-with-kinesis-sensor-technology-1-9-lpm-39560in-nd?skuId=39560IN-ND-CP
39560IN-ND-CP,CAD Drawing,DWG,https://techcomm.kohler.com/techcomm/cad/39560in_ndfrt.dwg,https://www.kohler.co.in/p/components-touchless-wall-mount-195-mm-lavatory-faucet-with-kinesis-sensor-technology-1-9-lpm-39560in-nd?skuId=39560IN-ND-CP
39560IN-ND-CP,CAD Drawing,DXF,https://techcomm.kohler.com/techcomm/cad/39560in_ndsde.dxf,https://www.kohler.co.in/p/components-touchless-wall-mount-195-mm-lavatory-faucet-with-kinesis-sensor-technology-1-9-lpm-39560in-nd?skuId=39560IN-ND-CP
39560IN-ND-CP,CAD Drawing,DWG,https://techcomm.kohler.com/techcomm/cad/39560in_ndsde.dwg,https://www.kohler.co.in/p/components-touchless-wall-mount-195-mm-lavatory-faucet-with-kinesis-sensor-technology-1-9-lpm-39560in-nd?skuId=39560IN-ND-CP
39560IN-ND-CP,CAD Drawing,DXF,https://techcomm.kohler.com/techcomm/cad/39560IN-ND.dxf,https://www.kohler.co.in/p/components-touchless-wall-mount-195-mm-lavatory-faucet-with-kinesis-sensor-technology-1-9-lpm-39560in-nd?skuId=39560IN-ND-CP
39560IN-ND-CP,CAD Drawing,DWG,https://techcomm.kohler.com/techcomm/cad/39560IN-ND.dwg,https://www.kohler.co.in/p/components-touchless-wall-mount-195-mm-lavatory-faucet-with-kinesis-sensor-technology-1-9-lpm-39560in-nd?skuId=39560IN-ND-CP
39560IN-ND-CP,Spec Sheet,PDF,https://techcomm.kohler.com/techcomm/pdf/K-39560IN-ND_spec_IN_Kohler_en.pdf,https://www.kohler.co.in/p/components-touchless-wall-mount-195-mm-lavatory-faucet-with-kinesis-sensor-technology-1-9-lpm-39560in-nd?skuId=39560IN-ND-CP
26791IN-4ND-CP,3D Model,OBJ,https://techcomm.kohler.com/techcomm/cad/26791IN-4ND.obj,https://www.kohler.co.in/p/accliv-wall-mount-single-handle-bathroom-sink-faucet-trim-9-0-lpm-26791in-4nd?skuId=26791IN-4ND-CP
26791IN-4ND-CP,3D Model,SKP,https://techcomm.kohler.com/techcomm/cad/26791IN-4ND.skp,https://www.kohler.co.in/p/accliv-wall-mount-single-handle-bathroom-sink-faucet-trim-9-0-lpm-26791in-4nd?skuId=26791IN-4ND-CP
26791IN-4ND-CP,3D Model,3DS,https://techcomm.kohler.com/techcomm/cad/26791IN-4ND.3ds,https://www.kohler.co.in/p/accliv-wall-mount-single-handle-bathroom-sink-faucet-trim-9-0-lpm-26791in-4nd?skuId=26791IN-4ND-CP
26791IN-4ND-CP,3D Model,RFA,https://techcomm.kohler.com/techcomm/cad/Faucet-Wall_Mount-Lavatory-KOHLER-Accliv-K-26791IN.rfa,https://www.kohler.co.in/p/accliv-wall-mount-single-handle-bathroom-sink-faucet-trim-9-0-lpm-26791in-4nd?skuId=26791IN-4ND-CP
26791IN-4ND-CP,CAD Drawing,DXF,https://techcomm.kohler.com/techcomm/cad/26791in_4ndpln.dxf,https://www.kohler.co.in/p/accliv-wall-mount-single-handle-bathroom-sink-faucet-trim-9-0-lpm-26791in-4nd?skuId=26791IN-4ND-CP
26791IN-4ND-CP,CAD Drawing,DWG,https://techcomm.kohler.com/techcomm/cad/26791in_4ndpln.dwg,https://www.kohler.co.in/p/accliv-wall-mount-single-handle-bathroom-sink-faucet-trim-9-0-lpm-26791in-4nd?skuId=26791IN-4ND-CP
26791IN-4ND-CP,CAD Drawing,DXF,https://techcomm.kohler.com/techcomm/cad/26791in_4ndfrt.dxf,https://www.kohler.co.in/p/accliv-wall-mount-single-handle-bathroom-sink-faucet-trim-9-0-lpm-26791in-4nd?skuId=26791IN-4ND-CP
26791IN-4ND-CP,CAD Drawing,DWG,https://techcomm.kohler.com/techcomm/cad/26791in_4ndfrt.dwg,https://www.kohler.co.in/p/accliv-wall-mount-single-handle-bathroom-sink-faucet-trim-9-0-lpm-26791in-4nd?skuId=26791IN-4ND-CP
26791IN-4ND-CP,CAD Drawing,DXF,https://techcomm.kohler.com/techcomm/cad/26791in_4ndsde.dxf,https://www.kohler.co.in/p/accliv-wall-mount-single-handle-bathroom-sink-faucet-trim-9-0-lpm-26791in-4nd?skuId=26791IN-4ND-CP
26791IN-4ND-CP,CAD Drawing,DWG,https://techcomm.kohler.com/techcomm/cad/26791in_4ndsde.dwg,https://www.kohler.co.in/p/accliv-wall-mount-single-handle-bathroom-sink-faucet-trim-9-0-lpm-26791in-4nd?skuId=26791IN-4ND-CP
26791IN-4ND-CP,CAD Drawing,DXF,https://techcomm.kohler.com/techcomm/cad/26791IN-4ND.dxf,https://www.kohler.co.in/p/accliv-wall-mount-single-handle-bathroom-sink-faucet-trim-9-0-lpm-26791in-4nd?skuId=26791IN-4ND-CP
26791IN-4ND-CP,CAD Drawing,DWG,https://techcomm.kohler.com/techcomm/cad/26791IN-4ND.dwg,https://www.kohler.co.in/p/accliv-wall-mount-single-handle-bathroom-sink-faucet-trim-9-0-lpm-26791in-4nd?skuId=26791IN-4ND-CP
26791IN-4ND-CP,Spec Sheet,PDF,https://techcomm.kohler.com/techcomm/pdf/K-26791IN-4ND_spec_IN_Kohler_en.pdf,https://www.kohler.co.in/p/accliv-wall-mount-single-handle-bathroom-sink-faucet-trim-9-0-lpm-26791in-4nd?skuId=26791IN-4ND-CP
26791IN-4ND-CP,Installation,PDF,https://techcomm.kohler.com/techcomm/pdf/1472379-IN2.pdf,https://www.kohler.co.in/p/accliv-wall-mount-single-handle-bathroom-sink-faucet-trim-9-0-lpm-26791in-4nd?skuId=26791IN-4ND-CP
27489IN-4ND-CP,3D Model,OBJ,https://techcomm.kohler.com/techcomm/cad/27489IN-4ND.obj,https://www.kohler.co.in/p/fore-arc-wall-mount-cold-only-trim-assy-27489in-4nd?skuId=27489IN-4ND-CP
27489IN-4ND-CP,3D Model,SKP,https://techcomm.kohler.com/techcomm/cad/27489IN-4ND.skp,https://www.kohler.co.in/p/fore-arc-wall-mount-cold-only-trim-assy-27489in-4nd?skuId=27489IN-4ND-CP
27489IN-4ND-CP,3D Model,3DS,https://techcomm.kohler.com/techcomm/cad/27489IN-4ND.3ds,https://www.kohler.co.in/p/fore-arc-wall-mount-cold-only-trim-assy-27489in-4nd?skuId=27489IN-4ND-CP
27489IN-4ND-CP,3D Model,RFA,https://techcomm.kohler.com/techcomm/cad/Faucet-Wall_Mount-Lavatory-KOHLER-Fore-K-27489IN.rfa,https://www.kohler.co.in/p/fore-arc-wall-mount-cold-only-trim-assy-27489in-4nd?skuId=27489IN-4ND-CP
27489IN-4ND-CP,CAD Drawing,DXF,https://techcomm.kohler.com/techcomm/cad/27489in_4ndpln.dxf,https://www.kohler.co.in/p/fore-arc-wall-mount-cold-only-trim-assy-27489in-4nd?skuId=27489IN-4ND-CP
27489IN-4ND-CP,CAD Drawing,DWG,https://techcomm.kohler.com/techcomm/cad/27489in_4ndpln.dwg,https://www.kohler.co.in/p/fore-arc-wall-mount-cold-only-trim-assy-27489in-4nd?skuId=27489IN-4ND-CP
27489IN-4ND-CP,CAD Drawing,DXF,https://techcomm.kohler.com/techcomm/cad/27489in_4ndfrt.dxf,https://www.kohler.co.in/p/fore-arc-wall-mount-cold-only-trim-assy-27489in-4nd?skuId=27489IN-4ND-CP
27489IN-4ND-CP,CAD Drawing,DWG,https://techcomm.kohler.com/techcomm/cad/27489in_4ndfrt.dwg,https://www.kohler.co.in/p/fore-arc-wall-mount-cold-only-trim-assy-27489in-4nd?skuId=27489IN-4ND-CP
27489IN-4ND-CP,CAD Drawing,DXF,https://techcomm.kohler.com/techcomm/cad/27489in_4ndsde.dxf,https://www.kohler.co.in/p/fore-arc-wall-mount-cold-only-trim-assy-27489in-4nd?skuId=27489IN-4ND-CP
27489IN-4ND-CP,CAD Drawing,DWG,https://techcomm.kohler.com/techcomm/cad/27489in_4ndsde.dwg,https://www.kohler.co.in/p/fore-arc-wall-mount-cold-only-trim-assy-27489in-4nd?skuId=27489IN-4ND-CP
27489IN-4ND-CP,CAD Drawing,DXF,https://techcomm.kohler.com/techcomm/cad/27489IN-4ND.dxf,https://www.kohler.co.in/p/fore-arc-wall-mount-cold-only-trim-assy-27489in-4nd?skuId=27489IN-4ND-CP
27489IN-4ND-CP,CAD Drawing,DWG,https://techcomm.kohler.com/techcomm/cad/27489IN-4ND.dwg,https://www.kohler.co.in/p/fore-arc-wall-mount-cold-only-trim-assy-27489in-4nd?skuId=27489IN-4ND-CP
27489IN-4ND-CP,Spec Sheet,PDF,https://techcomm.kohler.com/techcomm/pdf/K-27489IN-4ND_spec_IN_Kohler_en.pdf,https://www.kohler.co.in/p/fore-arc-wall-mount-cold-only-trim-assy-27489in-4nd?skuId=27489IN-4ND-CP
27489IN-4ND-CP,Installation,PDF,https://techcomm.kohler.com/techcomm/pdf/1465928-IN2.pdf,https://www.kohler.co.in/p/fore-arc-wall-mount-cold-only-trim-assy-27489in-4nd?skuId=27489IN-4ND-CP
27481IN-4ND-CP,3D Model,OBJ,https://techcomm.kohler.com/techcomm/cad/27481IN-4ND.obj,https://www.kohler.co.in/p/fore-tri-single-control-wall-mount-lav-faucet-trim-without-drain-27481in-4nd?skuId=27481IN-4ND-CP
27481IN-4ND-CP,3D Model,SKP,https://techcomm.kohler.com/techcomm/cad/27481IN-4ND.skp,https://www.kohler.co.in/p/fore-tri-single-control-wall-mount-lav-faucet-trim-without-drain-27481in-4nd?skuId=27481IN-4ND-CP
27481IN-4ND-CP,3D Model,3DS,https://techcomm.kohler.com/techcomm/cad/27481IN-4ND.3ds,https://www.kohler.co.in/p/fore-tri-single-control-wall-mount-lav-faucet-trim-without-drain-27481in-4nd?skuId=27481IN-4ND-CP
27481IN-4ND-CP,3D Model,RFA,https://techcomm.kohler.com/techcomm/cad/Faucet-Wall_Mount-Lavatory-KOHLER-Fore-K-27481IN.rfa,https://www.kohler.co.in/p/fore-tri-single-control-wall-mount-lav-faucet-trim-without-drain-27481in-4nd?skuId=27481IN-4ND-CP
27481IN-4ND-CP,CAD Drawing,DXF,https://techcomm.kohler.com/techcomm/cad/27481in_4ndpln.dxf,https://www.kohler.co.in/p/fore-tri-single-control-wall-mount-lav-faucet-trim-without-drain-27481in-4nd?skuId=27481IN-4ND-CP
27481IN-4ND-CP,CAD Drawing,DWG,https://techcomm.kohler.com/techcomm/cad/27481in_4ndpln.dwg,https://www.kohler.co.in/p/fore-tri-single-control-wall-mount-lav-faucet-trim-without-drain-27481in-4nd?skuId=27481IN-4ND-CP
27481IN-4ND-CP,CAD Drawing,DXF,https://techcomm.kohler.com/techcomm/cad/27481in_4ndfrt.dxf,https://www.kohler.co.in/p/fore-tri-single-control-wall-mount-lav-faucet-trim-without-drain-27481in-4nd?skuId=27481IN-4ND-CP
27481IN-4ND-CP,CAD Drawing,DWG,https://techcomm.kohler.com/techcomm/cad/27481in_4ndfrt.dwg,https://www.kohler.co.in/p/fore-tri-single-control-wall-mount-lav-faucet-trim-without-drain-27481in-4nd?skuId=27481IN-4ND-CP
27481IN-4ND-CP,CAD Drawing,DXF,https://techcomm.kohler.com/techcomm/cad/27481in_4ndsde.dxf,https://www.kohler.co.in/p/fore-tri-single-control-wall-mount-lav-faucet-trim-without-drain-27481in-4nd?skuId=27481IN-4ND-CP
27481IN-4ND-CP,CAD Drawing,DWG,https://techcomm.kohler.com/techcomm/cad/27481in_4ndsde.dwg,https://www.kohler.co.in/p/fore-tri-single-control-wall-mount-lav-faucet-trim-without-drain-27481in-4nd?skuId=27481IN-4ND-CP
27481IN-4ND-CP,CAD Drawing,DXF,https://techcomm.kohler.com/techcomm/cad/27481IN-4ND.dxf,https://www.kohler.co.in/p/fore-tri-single-control-wall-mount-lav-faucet-trim-without-drain-27481in-4nd?skuId=27481IN-4ND-CP
27481IN-4ND-CP,CAD Drawing,DWG,https://techcomm.kohler.com/techcomm/cad/27481IN-4ND.dwg,https://www.kohler.co.in/p/fore-tri-single-control-wall-mount-lav-faucet-trim-without-drain-27481in-4nd?skuId=27481IN-4ND-CP
27481IN-4ND-CP,Spec Sheet,PDF,https://techcomm.kohler.com/techcomm/pdf/K-27481IN-4ND_spec_IN_Kohler_en.pdf,https://www.kohler.co.in/p/fore-tri-single-control-wall-mount-lav-faucet-trim-without-drain-27481in-4nd?skuId=27481IN-4ND-CP
24280IN-4ND-RGD,3D Model,OBJ,https://techcomm.kohler.com/techcomm/cad/24280IN-4ND.obj,https://www.kohler.co.in/p/wall-mount-lav-faucet-trim-valve-24280in-4nd?skuId=24280IN-4ND-RGD
24280IN-4ND-RGD,3D Model,SKP,https://techcomm.kohler.com/techcomm/cad/24280IN-4ND.skp,https://www.kohler.co.in/p/wall-mount-lav-faucet-trim-valve-24280in-4nd?skuId=24280IN-4ND-RGD
24280IN-4ND-RGD,3D Model,3DS,https://techcomm.kohler.com/techcomm/cad/24280IN-4ND.3ds,https://www.kohler.co.in/p/wall-mount-lav-faucet-trim-valve-24280in-4nd?skuId=24280IN-4ND-RGD
24280IN-4ND-RGD,3D Model,RFA,https://techcomm.kohler.com/techcomm/cad/Faucet-Wall_Mount-Lavatory-KOHLER-Parallel-K-24280IN.rfa,https://www.kohler.co.in/p/wall-mount-lav-faucet-trim-valve-24280in-4nd?skuId=24280IN-4ND-RGD
24280IN-4ND-RGD,CAD Drawing,DXF,https://techcomm.kohler.com/techcomm/cad/24280in_4ndpln.dxf,https://www.kohler.co.in/p/wall-mount-lav-faucet-trim-valve-24280in-4nd?skuId=24280IN-4ND-RGD
24280IN-4ND-RGD,CAD Drawing,DWG,https://techcomm.kohler.com/techcomm/cad/24280in_4ndpln.dwg,https://www.kohler.co.in/p/wall-mount-lav-faucet-trim-valve-24280in-4nd?skuId=24280IN-4ND-RGD
24280IN-4ND-RGD,CAD Drawing,DXF,https://techcomm.kohler.com/techcomm/cad/24280in_4ndfrt.dxf,https://www.kohler.co.in/p/wall-mount-lav-faucet-trim-valve-24280in-4nd?skuId=24280IN-4ND-RGD
24280IN-4ND-RGD,CAD Drawing,DWG,https://techcomm.kohler.com/techcomm/cad/24280in_4ndfrt.dwg,https://www.kohler.co.in/p/wall-mount-lav-faucet-trim-valve-24280in-4nd?skuId=24280IN-4ND-RGD
24280IN-4ND-RGD,CAD Drawing,DXF,https://techcomm.kohler.com/techcomm/cad/24280in_4ndsde.dxf,https://www.kohler.co.in/p/wall-mount-lav-faucet-trim-valve-24280in-4nd?skuId=24280IN-4ND-RGD
24280IN-4ND-RGD,CAD Drawing,DWG,https://techcomm.kohler.com/techcomm/cad/24280in_4ndsde.dwg,https://www.kohler.co.in/p/wall-mount-lav-faucet-trim-valve-24280in-4nd?skuId=24280IN-4ND-RGD
24280IN-4ND-RGD,CAD Drawing,DXF,https://techcomm.kohler.com/techcomm/cad/24280IN-4ND.dxf,https://www.kohler.co.in/p/wall-mount-lav-faucet-trim-valve-24280in-4nd?skuId=24280IN-4ND-RGD
24280IN-4ND-RGD,CAD Drawing,DWG,https://techcomm.kohler.com/techcomm/cad/24280IN-4ND.dwg,https://www.kohler.co.in/p/wall-mount-lav-faucet-trim-valve-24280in-4nd?skuId=24280IN-4ND-RGD
24280IN-4ND-RGD,Spec Sheet,PDF,https://techcomm.kohler.com/techcomm/pdf/K-24280IN-4ND_spec_IN_Kohler_en.pdf,https://www.kohler.co.in/p/wall-mount-lav-faucet-trim-valve-24280in-4nd?skuId=24280IN-4ND-RGD
24280IN-4ND-RGD,Installation,PDF,https://techcomm.kohler.com/techcomm/pdf/1339459-IN2.pdf,https://www.kohler.co.in/p/wall-mount-lav-faucet-trim-valve-24280in-4nd?skuId=24280IN-4ND-RGD
34039IN-4ND-CP,3D Model,OBJ,https://techcomm.kohler.com/techcomm/cad/34039IN-4ND.obj,https://www.kohler.co.in/p/apt-flux-wall-mount-bathroom-sink-faucet-12-5-lpm-34039in-4nd?skuId=34039IN-4ND-CP
34039IN-4ND-CP,3D Model,SKP,https://techcomm.kohler.com/techcomm/cad/34039IN-4ND.skp,https://www.kohler.co.in/p/apt-flux-wall-mount-bathroom-sink-faucet-12-5-lpm-34039in-4nd?skuId=34039IN-4ND-CP
34039IN-4ND-CP,3D Model,3DS,https://techcomm.kohler.com/techcomm/cad/34039IN-4ND.3ds,https://www.kohler.co.in/p/apt-flux-wall-mount-bathroom-sink-faucet-12-5-lpm-34039in-4nd?skuId=34039IN-4ND-CP
34039IN-4ND-CP,3D Model,RFA,https://techcomm.kohler.com/techcomm/cad/Faucet-Wall_Mount-Lavatory-KOHLER-APT-K-34039IN.rfa,https://www.kohler.co.in/p/apt-flux-wall-mount-bathroom-sink-faucet-12-5-lpm-34039in-4nd?skuId=34039IN-4ND-CP
34039IN-4ND-CP,CAD Drawing,DXF,https://techcomm.kohler.com/techcomm/cad/34039in_4ndpln.dxf,https://www.kohler.co.in/p/apt-flux-wall-mount-bathroom-sink-faucet-12-5-lpm-34039in-4nd?skuId=34039IN-4ND-CP
34039IN-4ND-CP,CAD Drawing,DWG,https://techcomm.kohler.com/techcomm/cad/34039in_4ndpln.dwg,https://www.kohler.co.in/p/apt-flux-wall-mount-bathroom-sink-faucet-12-5-lpm-34039in-4nd?skuId=34039IN-4ND-CP
34039IN-4ND-CP,CAD Drawing,DXF,https://techcomm.kohler.com/techcomm/cad/34039in_4ndfrt.dxf,https://www.kohler.co.in/p/apt-flux-wall-mount-bathroom-sink-faucet-12-5-lpm-34039in-4nd?skuId=34039IN-4ND-CP
34039IN-4ND-CP,CAD Drawing,DWG,https://techcomm.kohler.com/techcomm/cad/34039in_4ndfrt.dwg,https://www.kohler.co.in/p/apt-flux-wall-mount-bathroom-sink-faucet-12-5-lpm-34039in-4nd?skuId=34039IN-4ND-CP
34039IN-4ND-CP,CAD Drawing,DXF,https://techcomm.kohler.com/techcomm/cad/34039in_4ndsde.dxf,https://www.kohler.co.in/p/apt-flux-wall-mount-bathroom-sink-faucet-12-5-lpm-34039in-4nd?skuId=34039IN-4ND-CP
34039IN-4ND-CP,CAD Drawing,DWG,https://techcomm.kohler.com/techcomm/cad/34039in_4ndsde.dwg,https://www.kohler.co.in/p/apt-flux-wall-mount-bathroom-sink-faucet-12-5-lpm-34039in-4nd?skuId=34039IN-4ND-CP
34039IN-4ND-CP,CAD Drawing,DXF,https://techcomm.kohler.com/techcomm/cad/34039IN-4ND.dxf,https://www.kohler.co.in/p/apt-flux-wall-mount-bathroom-sink-faucet-12-5-lpm-34039in-4nd?skuId=34039IN-4ND-CP
34039IN-4ND-CP,CAD Drawing,DWG,https://techcomm.kohler.com/techcomm/cad/34039IN-4ND.dwg,https://www.kohler.co.in/p/apt-flux-wall-mount-bathroom-sink-faucet-12-5-lpm-34039in-4nd?skuId=34039IN-4ND-CP
34039IN-4ND-CP,Spec Sheet,PDF,https://techcomm.kohler.com/techcomm/pdf/K-34039IN-4ND_spec_IN_Kohler_en.pdf,https://www.kohler.co.in/p/apt-flux-wall-mount-bathroom-sink-faucet-12-5-lpm-34039in-4nd?skuId=34039IN-4ND-CP
34039IN-4ND-CP,Installation,PDF,https://techcomm.kohler.com/techcomm/pdf/1602898-IN2.pdf,https://www.kohler.co.in/p/apt-flux-wall-mount-bathroom-sink-faucet-12-5-lpm-34039in-4nd?skuId=34039IN-4ND-CP
26048IN-4ND-CP,3D Model,OBJ,https://techcomm.kohler.com/techcomm/cad/26048IN-4ND.obj,https://www.kohler.co.in/p/beam-single-control-wall-mount-lav-trim-assembly-26048in-4nd?skuId=26048IN-4ND-CP
26048IN-4ND-CP,3D Model,SKP,https://techcomm.kohler.com/techcomm/cad/26048IN-4ND.skp,https://www.kohler.co.in/p/beam-single-control-wall-mount-lav-trim-assembly-26048in-4nd?skuId=26048IN-4ND-CP
26048IN-4ND-CP,3D Model,3DS,https://techcomm.kohler.com/techcomm/cad/26048IN-4ND.3ds,https://www.kohler.co.in/p/beam-single-control-wall-mount-lav-trim-assembly-26048in-4nd?skuId=26048IN-4ND-CP
26048IN-4ND-CP,3D Model,RFA,https://techcomm.kohler.com/techcomm/cad/Faucet-Wall_Mount-Lavatory-KOHLER-Beam-K-26048IN.rfa,https://www.kohler.co.in/p/beam-single-control-wall-mount-lav-trim-assembly-26048in-4nd?skuId=26048IN-4ND-CP
26048IN-4ND-CP,CAD Drawing,DXF,https://techcomm.kohler.com/techcomm/cad/26048in_4ndpln.dxf,https://www.kohler.co.in/p/beam-single-control-wall-mount-lav-trim-assembly-26048in-4nd?skuId=26048IN-4ND-CP
26048IN-4ND-CP,CAD Drawing,DWG,https://techcomm.kohler.com/techcomm/cad/26048in_4ndpln.dwg,https://www.kohler.co.in/p/beam-single-control-wall-mount-lav-trim-assembly-26048in-4nd?skuId=26048IN-4ND-CP
26048IN-4ND-CP,CAD Drawing,DXF,https://techcomm.kohler.com/techcomm/cad/26048in_4ndfrt.dxf,https://www.kohler.co.in/p/beam-single-control-wall-mount-lav-trim-assembly-26048in-4nd?skuId=26048IN-4ND-CP
26048IN-4ND-CP,CAD Drawing,DWG,https://techcomm.kohler.com/techcomm/cad/26048in_4ndfrt.dwg,https://www.kohler.co.in/p/beam-single-control-wall-mount-lav-trim-assembly-26048in-4nd?skuId=26048IN-4ND-CP
26048IN-4ND-CP,CAD Drawing,DXF,https://techcomm.kohler.com/techcomm/cad/26048in_4ndsde.dxf,https://www.kohler.co.in/p/beam-single-control-wall-mount-lav-trim-assembly-26048in-4nd?skuId=26048IN-4ND-CP
26048IN-4ND-CP,CAD Drawing,DWG,https://techcomm.kohler.com/techcomm/cad/26048in_4ndsde.dwg,https://www.kohler.co.in/p/beam-single-control-wall-mount-lav-trim-assembly-26048in-4nd?skuId=26048IN-4ND-CP
26048IN-4ND-CP,CAD Drawing,DXF,https://techcomm.kohler.com/techcomm/cad/26048IN-4ND.dxf,https://www.kohler.co.in/p/beam-single-control-wall-mount-lav-trim-assembly-26048in-4nd?skuId=26048IN-4ND-CP
26048IN-4ND-CP,CAD Drawing,DWG,https://techcomm.kohler.com/techcomm/cad/26048IN-4ND.dwg,https://www.kohler.co.in/p/beam-single-control-wall-mount-lav-trim-assembly-26048in-4nd?skuId=26048IN-4ND-CP
26048IN-4ND-CP,Spec Sheet,PDF,https://techcomm.kohler.com/techcomm/pdf/K-26048IN-4ND_spec_IN_Kohler_en.pdf,https://www.kohler.co.in/p/beam-single-control-wall-mount-lav-trim-assembly-26048in-4nd?skuId=26048IN-4ND-CP
26048IN-4ND-CP,Installation,PDF,https://techcomm.kohler.com/techcomm/pdf/1392031-IN2.pdf,https://www.kohler.co.in/p/beam-single-control-wall-mount-lav-trim-assembly-26048in-4nd?skuId=26048IN-4ND-CP
29310IN-4ND-AF,3D Model,OBJ,https://techcomm.kohler.com/techcomm/cad/29310IN-4ND.obj,https://www.kohler.co.in/p/components-wall-mount-bathroom-sink-faucet-with-row-spout-and-oyl-handle-16-0-lpm-29310in-4nd?skuId=29310IN-4ND-AF
29310IN-4ND-AF,3D Model,SKP,https://techcomm.kohler.com/techcomm/cad/29310IN-4ND.skp,https://www.kohler.co.in/p/components-wall-mount-bathroom-sink-faucet-with-row-spout-and-oyl-handle-16-0-lpm-29310in-4nd?skuId=29310IN-4ND-AF
29310IN-4ND-AF,3D Model,3DS,https://techcomm.kohler.com/techcomm/cad/29310IN-4ND.3ds,https://www.kohler.co.in/p/components-wall-mount-bathroom-sink-faucet-with-row-spout-and-oyl-handle-16-0-lpm-29310in-4nd?skuId=29310IN-4ND-AF
29310IN-4ND-AF,3D Model,RFA,https://techcomm.kohler.com/techcomm/cad/Faucet-Wall_Mount-Lavatory-KOHLER-Entry_Lux-K-29310IN.rfa,https://www.kohler.co.in/p/components-wall-mount-bathroom-sink-faucet-with-row-spout-and-oyl-handle-16-0-lpm-29310in-4nd?skuId=29310IN-4ND-AF
29310IN-4ND-AF,CAD Drawing,DXF,https://techcomm.kohler.com/techcomm/cad/29310in_4ndpln.dxf,https://www.kohler.co.in/p/components-wall-mount-bathroom-sink-faucet-with-row-spout-and-oyl-handle-16-0-lpm-29310in-4nd?skuId=29310IN-4ND-AF
29310IN-4ND-AF,CAD Drawing,DWG,https://techcomm.kohler.com/techcomm/cad/29310in_4ndpln.dwg,https://www.kohler.co.in/p/components-wall-mount-bathroom-sink-faucet-with-row-spout-and-oyl-handle-16-0-lpm-29310in-4nd?skuId=29310IN-4ND-AF
29310IN-4ND-AF,CAD Drawing,DXF,https://techcomm.kohler.com/techcomm/cad/29310in_4ndfrt.dxf,https://www.kohler.co.in/p/components-wall-mount-bathroom-sink-faucet-with-row-spout-and-oyl-handle-16-0-lpm-29310in-4nd?skuId=29310IN-4ND-AF
29310IN-4ND-AF,CAD Drawing,DWG,https://techcomm.kohler.com/techcomm/cad/29310in_4ndfrt.dwg,https://www.kohler.co.in/p/components-wall-mount-bathroom-sink-faucet-with-row-spout-and-oyl-handle-16-0-lpm-29310in-4nd?skuId=29310IN-4ND-AF
29310IN-4ND-AF,CAD Drawing,DXF,https://techcomm.kohler.com/techcomm/cad/29310in_4ndsde.dxf,https://www.kohler.co.in/p/components-wall-mount-bathroom-sink-faucet-with-row-spout-and-oyl-handle-16-0-lpm-29310in-4nd?skuId=29310IN-4ND-AF
29310IN-4ND-AF,CAD Drawing,DWG,https://techcomm.kohler.com/techcomm/cad/29310in_4ndsde.dwg,https://www.kohler.co.in/p/components-wall-mount-bathroom-sink-faucet-with-row-spout-and-oyl-handle-16-0-lpm-29310in-4nd?skuId=29310IN-4ND-AF
29310IN-4ND-AF,CAD Drawing,DXF,https://techcomm.kohler.com/techcomm/cad/29310IN-4ND.dxf,https://www.kohler.co.in/p/components-wall-mount-bathroom-sink-faucet-with-row-spout-and-oyl-handle-16-0-lpm-29310in-4nd?skuId=29310IN-4ND-AF
29310IN-4ND-AF,CAD Drawing,DWG,https://techcomm.kohler.com/techcomm/cad/29310IN-4ND.dwg,https://www.kohler.co.in/p/components-wall-mount-bathroom-sink-faucet-with-row-spout-and-oyl-handle-16-0-lpm-29310in-4nd?skuId=29310IN-4ND-AF
29310IN-4ND-AF,Spec Sheet,PDF,https://techcomm.kohler.com/techcomm/pdf/K-29310IN-4ND_spec_IN_Kohler_en.pdf,https://www.kohler.co.in/p/components-wall-mount-bathroom-sink-faucet-with-row-spout-and-oyl-handle-16-0-lpm-29310in-4nd?skuId=29310IN-4ND-AF
29310IN-4ND-AF,Installation,PDF,https://techcomm.kohler.com/techcomm/pdf/1594422-IN2.pdf,https://www.kohler.co.in/p/components-wall-mount-bathroom-sink-faucet-with-row-spout-and-oyl-handle-16-0-lpm-29310in-4nd?skuId=29310IN-4ND-AF
