source_product_code,target_reference,target_product_code,relation_type,source,confidence,resolution_status,notes
15847T-0,inRiver_1336299,,requires,kohler_api,0.0,unresolved,Reference was not present in captured PDP/API evidence.
1704T-Z-0,inRiver_1336299,,requires,kohler_api,0.0,unresolved,Reference was not present in captured PDP/API evidence.
1704T-Z-0,inRiver_878644,,requires,kohler_api,0.0,unresolved,Reference was not present in captured PDP/API evidence.
18776T-0,inRiver_1336299,,requires,kohler_api,0.0,unresolved,Reference was not present in captured PDP/API evidence.
15848T-0,inRiver_1336299,,requires,kohler_api,0.0,unresolved,Reference was not present in captured PDP/API evidence.
18778T-0,inRiver_1336299,,requires,kohler_api,0.0,unresolved,Reference was not present in captured PDP/API evidence.
1418-V-0,inRiver_242826,,requires,kohler_api,0.0,unresolved,Reference was not present in captured PDP/API evidence.
1418-V-0,inRiver_213884,,requires,kohler_api,0.0,unresolved,Reference was not present in captured PDP/API evidence.
1418-V-0,inRiver_213880,,requires,kohler_api,0.0,unresolved,Reference was not present in captured PDP/API evidence.
1418-V-0,inRiver_241232,,requires,kohler_api,0.0,unresolved,Reference was not present in captured PDP/API evidence.
1418-V-0,inRiver_1520238,,requires,kohler_api,0.0,unresolved,Reference was not present in captured PDP/API evidence.
1360IN-H2-0,inRiver_226220,T9540-4-CP,requires,kohler_api,1.0,resolved,Exact internal ID and SKU evidence from captured KOHLER India PDP/API JSON.
1360IN-H2-0,inRiver_241232,,requires,kohler_api,0.0,unresolved,Reference was not present in captured PDP/API evidence.
1360IN-H2-0,inRiver_242948,,requires,kohler_api,0.0,unresolved,Reference was not present in captured PDP/API evidence.
1360IN-H2-0,inRiver_247956,,requires,kohler_api,0.0,unresolved,Reference was not present in captured PDP/API evidence.
1360IN-H2-0,inRiver_1520238,,requires,kohler_api,0.0,unresolved,Reference was not present in captured PDP/API evidence.
1360IN-H2-0,inRiver_213884,,requires,kohler_api,0.0,unresolved,Reference was not present in captured PDP/API evidence.
1360IN-H2-0,inRiver_213880,,requires,kohler_api,0.0,unresolved,Reference was not present in captured PDP/API evidence.
1394IN-H2-0,inRiver_247956,,requires,kohler_api,0.0,unresolved,Reference was not present in captured PDP/API evidence.
1394IN-H2-0,inRiver_213884,,requires,kohler_api,0.0,unresolved,Reference was not present in captured PDP/API evidence.
1394IN-H2-0,inRiver_213880,,requires,kohler_api,0.0,unresolved,Reference was not present in captured PDP/API evidence.
1394IN-H2-0,inRiver_241232,,requires,kohler_api,0.0,unresolved,Reference was not present in captured PDP/API evidence.
1394IN-H2-0,inRiver_1520238,,requires,kohler_api,0.0,unresolved,Reference was not present in captured PDP/API evidence.
1709IN-K-0,inRiver_1336299,,requires,kohler_api,0.0,unresolved,Reference was not present in captured PDP/API evidence.
97367T-B4-CP,inRiver_879409,97904T-NA,requires,kohler_api,1.0,resolved,Exact internal ID and SKU evidence from captured KOHLER India PDP/API JSON.
T9540-4-CP,inRiver_237832,,requires,kohler_api,0.0,unresolved,Reference was not present in captured PDP/API evidence.
T9540-4-CP,inRiver_239197,,requires,kohler_api,0.0,unresolved,Reference was not present in captured PDP/API evidence.
77963-8A-BL,inRiver_258692,,requires,kohler_api,0.0,unresolved,Reference was not present in captured PDP/API evidence.
77963-8A-BL,inRiver_258700,,requires,kohler_api,0.0,unresolved,Reference was not present in captured PDP/API evidence.
77963-8A-BL,inRiver_258708,,requires,kohler_api,0.0,unresolved,Reference was not present in captured PDP/API evidence.
77963-8A-BL,inRiver_258716,,requires,kohler_api,0.0,unresolved,Reference was not present in captured PDP/API evidence.
77963-8A-BL,inRiver_258734,,requires,kohler_api,0.0,unresolved,Reference was not present in captured PDP/API evidence.
5684IN-4ND-CP,inRiver_558780,,requires,kohler_api,0.0,unresolved,Reference was not present in captured PDP/API evidence.
23486IN-4ND-CP,inRiver_558780,,requires,kohler_api,0.0,unresolved,Reference was not present in captured PDP/API evidence.
5683IN-4ND-CP,inRiver_558780,,requires,kohler_api,0.0,unresolved,Reference was not present in captured PDP/API evidence.
25759IN-4ND-CP,inRiver_558780,,requires,kohler_api,0.0,unresolved,Reference was not present in captured PDP/API evidence.
25148IN-4ND-CP,inRiver_2491222,,requires,kohler_api,0.0,unresolved,Reference was not present in captured PDP/API evidence.
33103IN-4ND-CP,inRiver_2491222,,requires,kohler_api,0.0,unresolved,Reference was not present in captured PDP/API evidence.
27483IN-4ND-CP,inRiver_1482559,,requires,kohler_api,0.0,unresolved,Reference was not present in captured PDP/API evidence.
27488IN-4ND-CP,inRiver_2491222,,requires,kohler_api,0.0,unresolved,Reference was not present in captured PDP/API evidence.
27487IN-4ND-CP,inRiver_2491222,,requires,kohler_api,0.0,unresolved,Reference was not present in captured PDP/API evidence.
26791IN-4ND-CP,inRiver_1482559,,requires,kohler_api,0.0,unresolved,Reference was not present in captured PDP/API evidence.
27489IN-4ND-CP,inRiver_2491222,,requires,kohler_api,0.0,unresolved,Reference was not present in captured PDP/API evidence.
27481IN-4ND-CP,inRiver_1482559,,requires,kohler_api,0.0,unresolved,Reference was not present in captured PDP/API evidence.
26284IN-AF,inRiver_1337884,,requires,kohler_api,0.0,unresolved,Reference was not present in captured PDP/API evidence.
26284IN-AF,inRiver_2371536,,requires,kohler_api,0.0,unresolved,Reference was not present in captured PDP/API evidence.
16359IN-A-CP,inRiver_1337884,,requires,kohler_api,0.0,unresolved,Reference was not present in captured PDP/API evidence.
16359IN-A-CP,inRiver_2371536,,requires,kohler_api,0.0,unresolved,Reference was not present in captured PDP/API evidence.
24717IN-CP,inRiver_1337884,,requires,kohler_api,0.0,unresolved,Reference was not present in captured PDP/API evidence.
24717IN-CP,inRiver_2371536,,requires,kohler_api,0.0,unresolved,Reference was not present in captured PDP/API evidence.
72421IN-CP,inRiver_1337884,,requires,kohler_api,0.0,unresolved,Reference was not present in captured PDP/API evidence.
98445IN-CP,inRiver_1337884,,requires,kohler_api,0.0,unresolved,Reference was not present in captured PDP/API evidence.
98444IN-CP,inRiver_1337884,,requires,kohler_api,0.0,unresolved,Reference was not present in captured PDP/API evidence.
97009IN-CP,inRiver_1337884,,requires,kohler_api,0.0,unresolved,Reference was not present in captured PDP/API evidence.
97009IN-CP,inRiver_2371536,,requires,kohler_api,0.0,unresolved,Reference was not present in captured PDP/API evidence.
26286IN-G-AF,inRiver_1337884,,requires,kohler_api,0.0,unresolved,Reference was not present in captured PDP/API evidence.
26286IN-G-AF,inRiver_2371536,,requires,kohler_api,0.0,unresolved,Reference was not present in captured PDP/API evidence.
97009T-AF,inRiver_558981,,requires,kohler_api,0.0,unresolved,Reference was not present in captured PDP/API evidence.
24717T-BL,inRiver_201659,,requires,kohler_api,0.0,unresolved,Reference was not present in captured PDP/API evidence.
24717T-BL,inRiver_241724,,requires,kohler_api,0.0,unresolved,Reference was not present in captured PDP/API evidence.
24717T-BL,inRiver_242351,,requires,kohler_api,0.0,unresolved,Reference was not present in captured PDP/API evidence.
24717T-BL,inRiver_242359,,requires,kohler_api,0.0,unresolved,Reference was not present in captured PDP/API evidence.
22166-CP,inRiver_241724,,requires,kohler_api,0.0,unresolved,Reference was not present in captured PDP/API evidence.
22166-CP,inRiver_240804,,requires,kohler_api,0.0,unresolved,Reference was not present in captured PDP/API evidence.
22166-CP,inRiver_242359,,requires,kohler_api,0.0,unresolved,Reference was not present in captured PDP/API evidence.
22166-CP,inRiver_201659,,requires,kohler_api,0.0,unresolved,Reference was not present in captured PDP/API evidence.
22166-CP,inRiver_240787,,requires,kohler_api,0.0,unresolved,Reference was not present in captured PDP/API evidence.
22166-CP,inRiver_242351,,requires,kohler_api,0.0,unresolved,Reference was not present in captured PDP/API evidence.
9301IN-CL-CP,inRiver_559635,,requires,kohler_api,0.0,unresolved,Reference was not present in captured PDP/API evidence.
9301IN-CL-CP,inRiver_558250,,requires,kohler_api,0.0,unresolved,Reference was not present in captured PDP/API evidence.
9301IN-CL-CP,inRiver_1336469,,requires,kohler_api,0.0,unresolved,Reference was not present in captured PDP/API evidence.
9302IN-CL-CP,inRiver_559635,,requires,kohler_api,0.0,unresolved,Reference was not present in captured PDP/API evidence.
76465IN-BL,inRiver_2492049,,requires,kohler_api,0.0,unresolved,Reference was not present in captured PDP/API evidence.
27724IN-CP,inRiver_1337905,,requires,kohler_api,0.0,unresolved,Reference was not present in captured PDP/API evidence.
26290IN-CP,inRiver_559461,,requires,kohler_api,0.0,unresolved,Reference was not present in captured PDP/API evidence.
26290IN-CP,inRiver_1482720,,requires,kohler_api,0.0,unresolved,Reference was not present in captured PDP/API evidence.
26290IN-CP,inRiver_1337905,,requires,kohler_api,0.0,unresolved,Reference was not present in captured PDP/API evidence.
26855IN-CP,inRiver_559635,,requires,kohler_api,0.0,unresolved,Reference was not present in captured PDP/API evidence.
26855IN-CP,inRiver_559628,,requires,kohler_api,0.0,unresolved,Reference was not present in captured PDP/API evidence.
26855IN-CP,inRiver_2492049,,requires,kohler_api,0.0,unresolved,Reference was not present in captured PDP/API evidence.
26855IN-CP,inRiver_2371559,,requires,kohler_api,0.0,unresolved,Reference was not present in captured PDP/API evidence.
26855IN-CP,inRiver_877874,,requires,kohler_api,0.0,unresolved,Reference was not present in captured PDP/API evidence.
73199IN-CP,inRiver_559628,,requires,kohler_api,0.0,unresolved,Reference was not present in captured PDP/API evidence.
73199IN-CP,inRiver_558250,,requires,kohler_api,0.0,unresolved,Reference was not present in captured PDP/API evidence.
73199IN-CP,inRiver_559635,,requires,kohler_api,0.0,unresolved,Reference was not present in captured PDP/API evidence.
26856IN-CP,inRiver_559635,,requires,kohler_api,0.0,unresolved,Reference was not present in captured PDP/API evidence.
26856IN-CP,inRiver_559628,,requires,kohler_api,0.0,unresolved,Reference was not present in captured PDP/API evidence.
26856IN-CP,inRiver_2492049,,requires,kohler_api,0.0,unresolved,Reference was not present in captured PDP/API evidence.
26856IN-CP,inRiver_2371559,,requires,kohler_api,0.0,unresolved,Reference was not present in captured PDP/API evidence.
26856IN-CP,inRiver_877874,,requires,kohler_api,0.0,unresolved,Reference was not present in captured PDP/API evidence.
26853IN-CP,inRiver_1337905,,requires,kohler_api,0.0,unresolved,Reference was not present in captured PDP/API evidence.
24547IN-CP,inRiver_1337905,,requires,kohler_api,0.0,unresolved,Reference was not present in captured PDP/API evidence.
73198IN-CP,inRiver_559628,,requires,kohler_api,0.0,unresolved,Reference was not present in captured PDP/API evidence.
73198IN-CP,inRiver_558250,,requires,kohler_api,0.0,unresolved,Reference was not present in captured PDP/API evidence.
73198IN-CP,inRiver_559635,,requires,kohler_api,0.0,unresolved,Reference was not present in captured PDP/API evidence.
18361IN-CL-AF,inRiver_559628,,requires,kohler_api,0.0,unresolved,Reference was not present in captured PDP/API evidence.
27731IN-CP,inRiver_1336470,,requires,kohler_api,0.0,unresolved,Reference was not present in captured PDP/API evidence.
27731IN-CP,inRiver_1336469,,requires,kohler_api,0.0,unresolved,Reference was not present in captured PDP/API evidence.
75924IN-CP,inRiver_1337905,,requires,kohler_api,0.0,unresolved,Reference was not present in captured PDP/API evidence.
75924IN-CP,inRiver_559461,,requires,kohler_api,0.0,unresolved,Reference was not present in captured PDP/API evidence.
26294IN-AF,inRiver_559628,,requires,kohler_api,0.0,unresolved,Reference was not present in captured PDP/API evidence.
26294IN-AF,inRiver_559635,,requires,kohler_api,0.0,unresolved,Reference was not present in captured PDP/API evidence.
26294IN-AF,inRiver_558250,,requires,kohler_api,0.0,unresolved,Reference was not present in captured PDP/API evidence.
72425IN-CP,inRiver_1337905,,requires,kohler_api,0.0,unresolved,Reference was not present in captured PDP/API evidence.
26296IN-AF,inRiver_1482276,,requires,kohler_api,0.0,unresolved,Reference was not present in captured PDP/API evidence.
26297IN-CP,inRiver_1482276,,requires,kohler_api,0.0,unresolved,Reference was not present in captured PDP/API evidence.
2349IN-FDL-96,inRiver_1933683,,requires,kohler_api,0.0,unresolved,Reference was not present in captured PDP/API evidence.
2349IN-FDL-96,inRiver_1730109,,requires,kohler_api,0.0,unresolved,Reference was not present in captured PDP/API evidence.
C98,inRiver_1730109,,requires,kohler_api,0.0,unresolved,Reference was not present in captured PDP/API evidence.
C98,inRiver_3086862,,requires,kohler_api,0.0,unresolved,Reference was not present in captured PDP/API evidence.
C99,inRiver_1730109,,requires,kohler_api,0.0,unresolved,Reference was not present in captured PDP/API evidence.
C99,inRiver_3086862,,requires,kohler_api,0.0,unresolved,Reference was not present in captured PDP/API evidence.
C100,inRiver_1730109,,requires,kohler_api,0.0,unresolved,Reference was not present in captured PDP/API evidence.
C100,inRiver_3086862,,requires,kohler_api,0.0,unresolved,Reference was not present in captured PDP/API evidence.
C101,inRiver_1730109,,requires,kohler_api,0.0,unresolved,Reference was not present in captured PDP/API evidence.
C101,inRiver_3086862,,requires,kohler_api,0.0,unresolved,Reference was not present in captured PDP/API evidence.
C102,inRiver_1730109,,requires,kohler_api,0.0,unresolved,Reference was not present in captured PDP/API evidence.
C102,inRiver_3086862,,requires,kohler_api,0.0,unresolved,Reference was not present in captured PDP/API evidence.
C103,inRiver_1730109,,requires,kohler_api,0.0,unresolved,Reference was not present in captured PDP/API evidence.
C103,inRiver_3086862,,requires,kohler_api,0.0,unresolved,Reference was not present in captured PDP/API evidence.
21226IN-HP1,inRiver_1482653,,requires,kohler_api,0.0,unresolved,Reference was not present in captured PDP/API evidence.
21226IN-HP1,inRiver_1730109,,requires,kohler_api,0.0,unresolved,Reference was not present in captured PDP/API evidence.
21226IN-SS-0,inRiver_1482653,,requires,kohler_api,0.0,unresolved,Reference was not present in captured PDP/API evidence.
21226IN-SS-0,inRiver_1730109,,requires,kohler_api,0.0,unresolved,Reference was not present in captured PDP/API evidence.
2200IN-0,inRiver_1482653,,requires,kohler_api,0.0,unresolved,Reference was not present in captured PDP/API evidence.
2200IN-0,inRiver_1730109,,requires,kohler_api,0.0,unresolved,Reference was not present in captured PDP/API evidence.
5373IN-0,inRiver_1482653,,requires,kohler_api,0.0,unresolved,Reference was not present in captured PDP/API evidence.
5373IN-0,inRiver_1730109,,requires,kohler_api,0.0,unresolved,Reference was not present in captured PDP/API evidence.
25318IN-0,inRiver_1482653,,requires,kohler_api,0.0,unresolved,Reference was not present in captured PDP/API evidence.
25318IN-0,inRiver_1730109,,requires,kohler_api,0.0,unresolved,Reference was not present in captured PDP/API evidence.
25316IN-0,inRiver_1482653,,requires,kohler_api,0.0,unresolved,Reference was not present in captured PDP/API evidence.
25316IN-0,inRiver_1730109,,requires,kohler_api,0.0,unresolved,Reference was not present in captured PDP/API evidence.
75374IN-1-0,inRiver_1482653,,requires,kohler_api,0.0,unresolved,Reference was not present in captured PDP/API evidence.
75374IN-1-0,inRiver_1730109,,requires,kohler_api,0.0,unresolved,Reference was not present in captured PDP/API evidence.
75375IN-0,inRiver_1482653,,requires,kohler_api,0.0,unresolved,Reference was not present in captured PDP/API evidence.
75375IN-0,inRiver_1730109,,requires,kohler_api,0.0,unresolved,Reference was not present in captured PDP/API evidence.
28784IN-0,inRiver_1730109,,requires,kohler_api,0.0,unresolved,Reference was not present in captured PDP/API evidence.
28784IN-0,inRiver_3086862,,requires,kohler_api,0.0,unresolved,Reference was not present in captured PDP/API evidence.
28783IN-0,inRiver_1730109,,requires,kohler_api,0.0,unresolved,Reference was not present in captured PDP/API evidence.
28783IN-0,inRiver_3086862,,requires,kohler_api,0.0,unresolved,Reference was not present in captured PDP/API evidence.
31347IN-0,inRiver_2312522,,requires,kohler_api,0.0,unresolved,Reference was not present in captured PDP/API evidence.
31347IN-0,inRiver_3128234,,requires,kohler_api,0.0,unresolved,Reference was not present in captured PDP/API evidence.
7799IN-FDL-0,inRiver_1482653,,requires,kohler_api,0.0,unresolved,Reference was not present in captured PDP/API evidence.
7799IN-FDL-0,inRiver_1730109,,requires,kohler_api,0.0,unresolved,Reference was not present in captured PDP/API evidence.
20704-0,inRiver_1933656,,requires,kohler_api,0.0,unresolved,Reference was not present in captured PDP/API evidence.
20704-0,inRiver_232048,,requires,kohler_api,0.0,unresolved,Reference was not present in captured PDP/API evidence.
20704-0,inRiver_244082,,requires,kohler_api,0.0,unresolved,Reference was not present in captured PDP/API evidence.
20703-0,inRiver_200827,,requires,kohler_api,0.0,unresolved,Reference was not present in captured PDP/API evidence.
20703-0,inRiver_1933656,,requires,kohler_api,0.0,unresolved,Reference was not present in captured PDP/API evidence.
C60,inRiver_1482653,,requires,kohler_api,0.0,unresolved,Reference was not present in captured PDP/API evidence.
C60,inRiver_1730109,,requires,kohler_api,0.0,unresolved,Reference was not present in captured PDP/API evidence.
20217IN-S-0,inRiver_1336387,,requires,kohler_api,0.0,unresolved,Reference was not present in captured PDP/API evidence.
38785IN-0,inRiver_1336387,,requires,kohler_api,0.0,unresolved,Reference was not present in captured PDP/API evidence.
31458IN-0,inRiver_558305,,requires,kohler_api,0.0,unresolved,Reference was not present in captured PDP/API evidence.
31458IN-0,inRiver_1730109,,requires,kohler_api,0.0,unresolved,Reference was not present in captured PDP/API evidence.
31460IN-0,inRiver_558305,,requires,kohler_api,0.0,unresolved,Reference was not present in captured PDP/API evidence.
31460IN-0,inRiver_1730109,,requires,kohler_api,0.0,unresolved,Reference was not present in captured PDP/API evidence.
C63,inRiver_1482653,,requires,kohler_api,0.0,unresolved,Reference was not present in captured PDP/API evidence.
C63,inRiver_1730109,,requires,kohler_api,0.0,unresolved,Reference was not present in captured PDP/API evidence.
C5,inRiver_558305,,requires,kohler_api,0.0,unresolved,Reference was not present in captured PDP/API evidence.
C5,inRiver_1730109,,requires,kohler_api,0.0,unresolved,Reference was not present in captured PDP/API evidence.
25317IN-0,inRiver_558305,,requires,kohler_api,0.0,unresolved,Reference was not present in captured PDP/API evidence.
25317IN-0,inRiver_1730109,,requires,kohler_api,0.0,unresolved,Reference was not present in captured PDP/API evidence.
C64,inRiver_1482653,,requires,kohler_api,0.0,unresolved,Reference was not present in captured PDP/API evidence.
C64,inRiver_1730109,,requires,kohler_api,0.0,unresolved,Reference was not present in captured PDP/API evidence.
C62,inRiver_1482653,,requires,kohler_api,0.0,unresolved,Reference was not present in captured PDP/API evidence.
C62,inRiver_1730109,,requires,kohler_api,0.0,unresolved,Reference was not present in captured PDP/API evidence.
